This is pdfTeX, Version 3.141592653-2.6-1.40.26 (TeX Live 2025/dev/Debian) (preloaded format=pdflatex 2025.11.9)  24 FEB 2026 16:08
entering extended mode
 restricted \write18 enabled.
 file:line:error style messages enabled.
 %&-line parsing enabled.
**/home/bj/papers/da-paper/DA_Vorlage_HTL-Weiz/02_DOC_Main/DA_main.tex
(/home/bj/papers/da-paper/DA_Vorlage_HTL-Weiz/02_DOC_Main/DA_main.tex
LaTeX2e <2024-11-01> patch level 2
L3 programming layer <2025-01-18>
(/usr/share/texlive/texmf-dist/tex/latex/koma-script/scrartcl.cls
Document Class: scrartcl 2024/10/24 v3.43 KOMA-Script document class (article)
(/usr/share/texlive/texmf-dist/tex/latex/koma-script/scrkbase.sty
Package: scrkbase 2024/10/24 v3.43 KOMA-Script package (KOMA-Script-dependent basics and keyval usage)
 (/usr/share/texlive/texmf-dist/tex/latex/koma-script/scrbase.sty
Package: scrbase 2024/10/24 v3.43 KOMA-Script package (KOMA-Script-independent basics and keyval usage)
 (/usr/share/texlive/texmf-dist/tex/latex/koma-script/scrlfile.sty
Package: scrlfile 2024/10/24 v3.43 KOMA-Script package (file load hooks)
 (/usr/share/texlive/texmf-dist/tex/latex/koma-script/scrlfile-hook.sty
Package: scrlfile-hook 2024/10/24 v3.43 KOMA-Script package (using LaTeX hooks)
 (/usr/share/texlive/texmf-dist/tex/latex/koma-script/scrlogo.sty
Package: scrlogo 2024/10/24 v3.43 KOMA-Script package (logo)
))) (/usr/share/texlive/texmf-dist/tex/latex/graphics/keyval.sty
Package: keyval 2022/05/29 v1.15 key=value parser (DPC)
\KV@toks@=\toks17
)
Applying: [2021/05/01] Usage of raw or classic option list on input line 254.
Already applied: [0000/00/00] Usage of raw or classic option list on input line 370.
)) (/usr/share/texlive/texmf-dist/tex/latex/koma-script/tocbasic.sty
Package: tocbasic 2024/10/24 v3.43 KOMA-Script package (handling toc-files)
\scr@dte@tocline@numberwidth=\skip49
\scr@dte@tocline@numbox=\box52
)
Package tocbasic Info: omitting babel extension for `toc'
(tocbasic)             because of feature `nobabel' available
(tocbasic)             for `toc' on input line 135.
Package scrartcl Info: You've used standard option `12pt'.
(scrartcl)             This is correct!
(scrartcl)             Internally I'm using `fontsize=12pt'.
(scrartcl)             If you'd like to set the option with \KOMAoptions,
(scrartcl)             you'd have to use `fontsize=12pt' there
(scrartcl)             instead of `12pt', too.
Class scrartcl Info: File `scrsize12pt.clo' used to setup font sizes on input line 2466.
 (/usr/share/texlive/texmf-dist/tex/latex/koma-script/scrsize12pt.clo
File: scrsize12pt.clo 2024/10/24 v3.43 KOMA-Script font size class option (12pt)
) (/usr/share/texlive/texmf-dist/tex/latex/koma-script/typearea.sty
Package: typearea 2024/10/24 v3.43 KOMA-Script package (type area)
\ta@bcor=\skip50
\ta@div=\count196
Package typearea Info: You've used standard option `a4paper'.
(typearea)             This is correct!
(typearea)             Internally I'm using `paper=a4'.
(typearea)             If you'd like to set the option with \KOMAoptions,
(typearea)             you'd have to use `paper=a4' there
(typearea)             instead of `a4paper', too.
\ta@hblk=\skip51
\ta@vblk=\skip52
\ta@temp=\skip53
\footheight=\skip54
Package typearea Info: These are the values describing the layout:
(typearea)             DIV  = 12
(typearea)             BCOR = 0.0pt
(typearea)             \paperwidth      = 597.50793pt
(typearea)              \textwidth      = 448.13095pt
(typearea)              DIV departure   = -6%
(typearea)              \evensidemargin = 2.4185pt
(typearea)              \oddsidemargin  = 2.4185pt
(typearea)             \paperheight     = 845.04694pt
(typearea)              \textheight     = 635.5pt
(typearea)              \topmargin      = -41.72441pt
(typearea)              \headheight     = 18.125pt
(typearea)              \headsep        = 21.75pt
(typearea)              \topskip        = 12.0pt
(typearea)              \footskip       = 50.75pt
(typearea)              \baselineskip   = 14.5pt
(typearea)              on input line 1802.
)
\c@part=\count197
\c@section=\count198
\c@subsection=\count199
\c@subsubsection=\count266
\c@paragraph=\count267
\c@subparagraph=\count268
\scr@dte@section@maxnumwidth=\skip55
Class scrartcl Info: using compatibility default `runin=bysign'
(scrartcl)           for `\section on input line 5107.
Class scrartcl Info: using compatibility default `afterindent=bysign'
(scrartcl)           for `\section on input line 5107.
\scr@dte@part@maxnumwidth=\skip56
Class scrartcl Info: using compatibility default `afterindent=false'
(scrartcl)           for `\part on input line 5115.
\scr@dte@subsection@maxnumwidth=\skip57
Class scrartcl Info: using compatibility default `runin=bysign'
(scrartcl)           for `\subsection on input line 5125.
Class scrartcl Info: using compatibility default `afterindent=bysign'
(scrartcl)           for `\subsection on input line 5125.
\scr@dte@subsubsection@maxnumwidth=\skip58
Class scrartcl Info: using compatibility default `runin=bysign'
(scrartcl)           for `\subsubsection on input line 5135.
Class scrartcl Info: using compatibility default `afterindent=bysign'
(scrartcl)           for `\subsubsection on input line 5135.
\scr@dte@paragraph@maxnumwidth=\skip59
Class scrartcl Info: using compatibility default `runin=bysign'
(scrartcl)           for `\paragraph on input line 5146.
Class scrartcl Info: using compatibility default `afterindent=bysign'
(scrartcl)           for `\paragraph on input line 5146.
\scr@dte@subparagraph@maxnumwidth=\skip60
Class scrartcl Info: using compatibility default `runin=bysign'
(scrartcl)           for `\subparagraph on input line 5156.
Class scrartcl Info: using compatibility default `afterindent=bysign'
(scrartcl)           for `\subparagraph on input line 5156.
\abovecaptionskip=\skip61
\belowcaptionskip=\skip62
\c@pti@nb@sid@b@x=\box53
Package tocbasic Info: omitting babel extension for `lof'
(tocbasic)             because of feature `nobabel' available
(tocbasic)             for `lof' on input line 6337.
\scr@dte@figure@maxnumwidth=\skip63
\c@figure=\count269
Package tocbasic Info: omitting babel extension for `lot'
(tocbasic)             because of feature `nobabel' available
(tocbasic)             for `lot' on input line 6353.
\scr@dte@table@maxnumwidth=\skip64
\c@table=\count270
Class scrartcl Info: Redefining `\numberline' on input line 6523.
\bibindent=\dimen141
) (./../00_LATdef/UsePackages.tex (/usr/share/texlive/texmf-dist/tex/generic/babel/babel.sty
Package: babel 2025/02/14 v25.4 The multilingual framework for pdfLaTeX, LuaLaTeX and XeLaTeX
\babel@savecnt=\count271
\U@D=\dimen142
\l@unhyphenated=\language90
 (/usr/share/texlive/texmf-dist/tex/generic/babel/txtbabel.def)
\bbl@readstream=\read2
\bbl@dirlevel=\count272
 (/usr/share/texlive/texmf-dist/tex/generic/babel-german/ngerman.ldf
Language: ngerman 2024/12/10 v2.15 German support for babel (post-1996 orthography)
 (/usr/share/texlive/texmf-dist/tex/generic/babel-german/ngermanb.ldf
Language: ngermanb 2024/12/10 v2.15 German support for babel (post-1996 orthography)
Package babel Info: Making " an active character on input line 122.
))) (/usr/share/texlive/texmf-dist/tex/generic/babel/locale/de/babel-ngerman.tex
Package babel Info: Importing font and identification data for ngerman
(babel)             from babel-de.ini. Reported on input line 11.
) (/usr/share/texlive/texmf-dist/tex/latex/setspace/setspace.sty
Package: setspace 2022/12/04 v6.7b set line spacing
)

Class scrartcl Warning: Usage of package `fancyhdr' together
(scrartcl)              with a KOMA-Script class is not recommended.
(scrartcl)              I'd suggest to use 
(scrartcl)              package `scrlayer' or `scrlayer-scrpage', because
(scrartcl)              they support KOMA-Script classes.
(scrartcl)              With `fancyhdr' several features of class `scrartcl'
(scrartcl)              like options `headsepline', `footsepline' or command
(scrartcl)              `\MakeMarkcase' and the commands `\setkomafont' and
(scrartcl)              `\addtokomafont' for the page style elements need
(scrartcl)              explicite user intervention to work.
(scrartcl)              Nevertheless, using requested
(scrartcl)              package `fancyhdr' on input line 4.

(/usr/share/texlive/texmf-dist/tex/latex/fancyhdr/fancyhdr.sty
Package: fancyhdr 2025/02/07 v5.2 Extensive control of page headers and footers
\f@nch@headwidth=\skip65
\f@nch@offset@elh=\skip66
\f@nch@offset@erh=\skip67
\f@nch@offset@olh=\skip68
\f@nch@offset@orh=\skip69
\f@nch@offset@elf=\skip70
\f@nch@offset@erf=\skip71
\f@nch@offset@olf=\skip72
\f@nch@offset@orf=\skip73
\f@nch@height=\skip74
\f@nch@footalignment=\skip75
\f@nch@widthL=\skip76
\f@nch@widthC=\skip77
\f@nch@widthR=\skip78
\@temptokenb=\toks18
) (/usr/share/texlive/texmf-dist/tex/latex/xcolor/xcolor.sty
Package: xcolor 2024/09/29 v3.02 LaTeX color extensions (UK)
 (/usr/share/texlive/texmf-dist/tex/latex/graphics-cfg/color.cfg
File: color.cfg 2016/01/02 v1.6 sample color configuration
)
Package xcolor Info: Driver file: pdftex.def on input line 274.
 (/usr/share/texlive/texmf-dist/tex/latex/graphics-def/pdftex.def
File: pdftex.def 2024/04/13 v1.2c Graphics/color driver for pdftex
) (/usr/share/texlive/texmf-dist/tex/latex/graphics/mathcolor.ltx)
Package xcolor Info: Model `cmy' substituted by `cmy0' on input line 1349.
Package xcolor Info: Model `hsb' substituted by `rgb' on input line 1353.
Package xcolor Info: Model `RGB' extended on input line 1365.
Package xcolor Info: Model `HTML' substituted by `rgb' on input line 1367.
Package xcolor Info: Model `Hsb' substituted by `hsb' on input line 1368.
Package xcolor Info: Model `tHsb' substituted by `hsb' on input line 1369.
Package xcolor Info: Model `HSB' substituted by `hsb' on input line 1370.
Package xcolor Info: Model `Gray' substituted by `gray' on input line 1371.
Package xcolor Info: Model `wave' substituted by `hsb' on input line 1372.
) (/usr/share/texlive/texmf-dist/tex/latex/base/inputenc.sty
Package: inputenc 2024/02/08 v1.3d Input encoding file
\inpenc@prehook=\toks19
\inpenc@posthook=\toks20
 (/usr/share/texlive/texmf-dist/tex/latex/ucs/utf8x.def
File: utf8x.def 2023/11/09 UCS: Input encoding UTF-8


Package ucs Info: utf8x disabled, assuming standard utf8 processing
(ucs)             load ucs package to force utf8x processing.

(/usr/share/texlive/texmf-dist/tex/latex/base/utf8.def
File: utf8.def 2022/06/07 v1.3c UTF-8 support
Now handling font encoding OML ...
... no UTF-8 mapping file for font encoding OML
Now handling font encoding OMS ...
... processing UTF-8 mapping file for font encoding OMS
 (/usr/share/texlive/texmf-dist/tex/latex/base/omsenc.dfu
File: omsenc.dfu 2022/06/07 v1.3c UTF-8 support
   defining Unicode char U+00A7 (decimal 167)
   defining Unicode char U+00B6 (decimal 182)
   defining Unicode char U+00B7 (decimal 183)
   defining Unicode char U+2020 (decimal 8224)
   defining Unicode char U+2021 (decimal 8225)
   defining Unicode char U+2022 (decimal 8226)
)
Now handling font encoding OT1 ...
... processing UTF-8 mapping file for font encoding OT1
 (/usr/share/texlive/texmf-dist/tex/latex/base/ot1enc.dfu
File: ot1enc.dfu 2022/06/07 v1.3c UTF-8 support
   defining Unicode char U+00A0 (decimal 160)
   defining Unicode char U+00A1 (decimal 161)
   defining Unicode char U+00A3 (decimal 163)
   defining Unicode char U+00AD (decimal 173)
   defining Unicode char U+00B8 (decimal 184)
   defining Unicode char U+00BF (decimal 191)
   defining Unicode char U+00C5 (decimal 197)
   defining Unicode char U+00C6 (decimal 198)
   defining Unicode char U+00D8 (decimal 216)
   defining Unicode char U+00DF (decimal 223)
   defining Unicode char U+00E6 (decimal 230)
   defining Unicode char U+00EC (decimal 236)
   defining Unicode char U+00ED (decimal 237)
   defining Unicode char U+00EE (decimal 238)
   defining Unicode char U+00EF (decimal 239)
   defining Unicode char U+00F8 (decimal 248)
   defining Unicode char U+0131 (decimal 305)
   defining Unicode char U+0141 (decimal 321)
   defining Unicode char U+0142 (decimal 322)
   defining Unicode char U+0152 (decimal 338)
   defining Unicode char U+0153 (decimal 339)
   defining Unicode char U+0174 (decimal 372)
   defining Unicode char U+0175 (decimal 373)
   defining Unicode char U+0176 (decimal 374)
   defining Unicode char U+0177 (decimal 375)
   defining Unicode char U+0218 (decimal 536)
   defining Unicode char U+0219 (decimal 537)
   defining Unicode char U+021A (decimal 538)
   defining Unicode char U+021B (decimal 539)
   defining Unicode char U+0237 (decimal 567)
   defining Unicode char U+2013 (decimal 8211)
   defining Unicode char U+2014 (decimal 8212)
   defining Unicode char U+2018 (decimal 8216)
   defining Unicode char U+2019 (decimal 8217)
   defining Unicode char U+201C (decimal 8220)
   defining Unicode char U+201D (decimal 8221)
   defining Unicode char U+FB00 (decimal 64256)
   defining Unicode char U+FB01 (decimal 64257)
   defining Unicode char U+FB02 (decimal 64258)
   defining Unicode char U+FB03 (decimal 64259)
   defining Unicode char U+FB04 (decimal 64260)
   defining Unicode char U+FB05 (decimal 64261)
   defining Unicode char U+FB06 (decimal 64262)
)
Now handling font encoding T1 ...
... processing UTF-8 mapping file for font encoding T1
 (/usr/share/texlive/texmf-dist/tex/latex/base/t1enc.dfu
File: t1enc.dfu 2022/06/07 v1.3c UTF-8 support
   defining Unicode char U+00A0 (decimal 160)
   defining Unicode char U+00A1 (decimal 161)
   defining Unicode char U+00A3 (decimal 163)
   defining Unicode char U+00AB (decimal 171)
   defining Unicode char U+00AD (decimal 173)
   defining Unicode char U+00BB (decimal 187)
   defining Unicode char U+00BF (decimal 191)
   defining Unicode char U+00C0 (decimal 192)
   defining Unicode char U+00C1 (decimal 193)
   defining Unicode char U+00C2 (decimal 194)
   defining Unicode char U+00C3 (decimal 195)
   defining Unicode char U+00C4 (decimal 196)
   defining Unicode char U+00C5 (decimal 197)
   defining Unicode char U+00C6 (decimal 198)
   defining Unicode char U+00C7 (decimal 199)
   defining Unicode char U+00C8 (decimal 200)
   defining Unicode char U+00C9 (decimal 201)
   defining Unicode char U+00CA (decimal 202)
   defining Unicode char U+00CB (decimal 203)
   defining Unicode char U+00CC (decimal 204)
   defining Unicode char U+00CD (decimal 205)
   defining Unicode char U+00CE (decimal 206)
   defining Unicode char U+00CF (decimal 207)
   defining Unicode char U+00D0 (decimal 208)
   defining Unicode char U+00D1 (decimal 209)
   defining Unicode char U+00D2 (decimal 210)
   defining Unicode char U+00D3 (decimal 211)
   defining Unicode char U+00D4 (decimal 212)
   defining Unicode char U+00D5 (decimal 213)
   defining Unicode char U+00D6 (decimal 214)
   defining Unicode char U+00D8 (decimal 216)
   defining Unicode char U+00D9 (decimal 217)
   defining Unicode char U+00DA (decimal 218)
   defining Unicode char U+00DB (decimal 219)
   defining Unicode char U+00DC (decimal 220)
   defining Unicode char U+00DD (decimal 221)
   defining Unicode char U+00DE (decimal 222)
   defining Unicode char U+00DF (decimal 223)
   defining Unicode char U+00E0 (decimal 224)
   defining Unicode char U+00E1 (decimal 225)
   defining Unicode char U+00E2 (decimal 226)
   defining Unicode char U+00E3 (decimal 227)
   defining Unicode char U+00E4 (decimal 228)
   defining Unicode char U+00E5 (decimal 229)
   defining Unicode char U+00E6 (decimal 230)
   defining Unicode char U+00E7 (decimal 231)
   defining Unicode char U+00E8 (decimal 232)
   defining Unicode char U+00E9 (decimal 233)
   defining Unicode char U+00EA (decimal 234)
   defining Unicode char U+00EB (decimal 235)
   defining Unicode char U+00EC (decimal 236)
   defining Unicode char U+00ED (decimal 237)
   defining Unicode char U+00EE (decimal 238)
   defining Unicode char U+00EF (decimal 239)
   defining Unicode char U+00F0 (decimal 240)
   defining Unicode char U+00F1 (decimal 241)
   defining Unicode char U+00F2 (decimal 242)
   defining Unicode char U+00F3 (decimal 243)
   defining Unicode char U+00F4 (decimal 244)
   defining Unicode char U+00F5 (decimal 245)
   defining Unicode char U+00F6 (decimal 246)
   defining Unicode char U+00F8 (decimal 248)
   defining Unicode char U+00F9 (decimal 249)
   defining Unicode char U+00FA (decimal 250)
   defining Unicode char U+00FB (decimal 251)
   defining Unicode char U+00FC (decimal 252)
   defining Unicode char U+00FD (decimal 253)
   defining Unicode char U+00FE (decimal 254)
   defining Unicode char U+00FF (decimal 255)
   defining Unicode char U+0100 (decimal 256)
   defining Unicode char U+0101 (decimal 257)
   defining Unicode char U+0102 (decimal 258)
   defining Unicode char U+0103 (decimal 259)
   defining Unicode char U+0104 (decimal 260)
   defining Unicode char U+0105 (decimal 261)
   defining Unicode char U+0106 (decimal 262)
   defining Unicode char U+0107 (decimal 263)
   defining Unicode char U+0108 (decimal 264)
   defining Unicode char U+0109 (decimal 265)
   defining Unicode char U+010A (decimal 266)
   defining Unicode char U+010B (decimal 267)
   defining Unicode char U+010C (decimal 268)
   defining Unicode char U+010D (decimal 269)
   defining Unicode char U+010E (decimal 270)
   defining Unicode char U+010F (decimal 271)
   defining Unicode char U+0110 (decimal 272)
   defining Unicode char U+0111 (decimal 273)
   defining Unicode char U+0112 (decimal 274)
   defining Unicode char U+0113 (decimal 275)
   defining Unicode char U+0114 (decimal 276)
   defining Unicode char U+0115 (decimal 277)
   defining Unicode char U+0116 (decimal 278)
   defining Unicode char U+0117 (decimal 279)
   defining Unicode char U+0118 (decimal 280)
   defining Unicode char U+0119 (decimal 281)
   defining Unicode char U+011A (decimal 282)
   defining Unicode char U+011B (decimal 283)
   defining Unicode char U+011C (decimal 284)
   defining Unicode char U+011D (decimal 285)
   defining Unicode char U+011E (decimal 286)
   defining Unicode char U+011F (decimal 287)
   defining Unicode char U+0120 (decimal 288)
   defining Unicode char U+0121 (decimal 289)
   defining Unicode char U+0122 (decimal 290)
   defining Unicode char U+0123 (decimal 291)
   defining Unicode char U+0124 (decimal 292)
   defining Unicode char U+0125 (decimal 293)
   defining Unicode char U+0128 (decimal 296)
   defining Unicode char U+0129 (decimal 297)
   defining Unicode char U+012A (decimal 298)
   defining Unicode char U+012B (decimal 299)
   defining Unicode char U+012C (decimal 300)
   defining Unicode char U+012D (decimal 301)
   defining Unicode char U+012E (decimal 302)
   defining Unicode char U+012F (decimal 303)
   defining Unicode char U+0130 (decimal 304)
   defining Unicode char U+0131 (decimal 305)
   defining Unicode char U+0132 (decimal 306)
   defining Unicode char U+0133 (decimal 307)
   defining Unicode char U+0134 (decimal 308)
   defining Unicode char U+0135 (decimal 309)
   defining Unicode char U+0136 (decimal 310)
   defining Unicode char U+0137 (decimal 311)
   defining Unicode char U+0139 (decimal 313)
   defining Unicode char U+013A (decimal 314)
   defining Unicode char U+013B (decimal 315)
   defining Unicode char U+013C (decimal 316)
   defining Unicode char U+013D (decimal 317)
   defining Unicode char U+013E (decimal 318)
   defining Unicode char U+0141 (decimal 321)
   defining Unicode char U+0142 (decimal 322)
   defining Unicode char U+0143 (decimal 323)
   defining Unicode char U+0144 (decimal 324)
   defining Unicode char U+0145 (decimal 325)
   defining Unicode char U+0146 (decimal 326)
   defining Unicode char U+0147 (decimal 327)
   defining Unicode char U+0148 (decimal 328)
   defining Unicode char U+014A (decimal 330)
   defining Unicode char U+014B (decimal 331)
   defining Unicode char U+014C (decimal 332)
   defining Unicode char U+014D (decimal 333)
   defining Unicode char U+014E (decimal 334)
   defining Unicode char U+014F (decimal 335)
   defining Unicode char U+0150 (decimal 336)
   defining Unicode char U+0151 (decimal 337)
   defining Unicode char U+0152 (decimal 338)
   defining Unicode char U+0153 (decimal 339)
   defining Unicode char U+0154 (decimal 340)
   defining Unicode char U+0155 (decimal 341)
   defining Unicode char U+0156 (decimal 342)
   defining Unicode char U+0157 (decimal 343)
   defining Unicode char U+0158 (decimal 344)
   defining Unicode char U+0159 (decimal 345)
   defining Unicode char U+015A (decimal 346)
   defining Unicode char U+015B (decimal 347)
   defining Unicode char U+015C (decimal 348)
   defining Unicode char U+015D (decimal 349)
   defining Unicode char U+015E (decimal 350)
   defining Unicode char U+015F (decimal 351)
   defining Unicode char U+0160 (decimal 352)
   defining Unicode char U+0161 (decimal 353)
   defining Unicode char U+0162 (decimal 354)
   defining Unicode char U+0163 (decimal 355)
   defining Unicode char U+0164 (decimal 356)
   defining Unicode char U+0165 (decimal 357)
   defining Unicode char U+0168 (decimal 360)
   defining Unicode char U+0169 (decimal 361)
   defining Unicode char U+016A (decimal 362)
   defining Unicode char U+016B (decimal 363)
   defining Unicode char U+016C (decimal 364)
   defining Unicode char U+016D (decimal 365)
   defining Unicode char U+016E (decimal 366)
   defining Unicode char U+016F (decimal 367)
   defining Unicode char U+0170 (decimal 368)
   defining Unicode char U+0171 (decimal 369)
   defining Unicode char U+0172 (decimal 370)
   defining Unicode char U+0173 (decimal 371)
   defining Unicode char U+0174 (decimal 372)
   defining Unicode char U+0175 (decimal 373)
   defining Unicode char U+0176 (decimal 374)
   defining Unicode char U+0177 (decimal 375)
   defining Unicode char U+0178 (decimal 376)
   defining Unicode char U+0179 (decimal 377)
   defining Unicode char U+017A (decimal 378)
   defining Unicode char U+017B (decimal 379)
   defining Unicode char U+017C (decimal 380)
   defining Unicode char U+017D (decimal 381)
   defining Unicode char U+017E (decimal 382)
   defining Unicode char U+01C4 (decimal 452)
   defining Unicode char U+01C5 (decimal 453)
   defining Unicode char U+01C6 (decimal 454)
   defining Unicode char U+01C7 (decimal 455)
   defining Unicode char U+01C8 (decimal 456)
   defining Unicode char U+01C9 (decimal 457)
   defining Unicode char U+01CA (decimal 458)
   defining Unicode char U+01CB (decimal 459)
   defining Unicode char U+01CC (decimal 460)
   defining Unicode char U+01CD (decimal 461)
   defining Unicode char U+01CE (decimal 462)
   defining Unicode char U+01CF (decimal 463)
   defining Unicode char U+01D0 (decimal 464)
   defining Unicode char U+01D1 (decimal 465)
   defining Unicode char U+01D2 (decimal 466)
   defining Unicode char U+01D3 (decimal 467)
   defining Unicode char U+01D4 (decimal 468)
   defining Unicode char U+01E2 (decimal 482)
   defining Unicode char U+01E3 (decimal 483)
   defining Unicode char U+01E6 (decimal 486)
   defining Unicode char U+01E7 (decimal 487)
   defining Unicode char U+01E8 (decimal 488)
   defining Unicode char U+01E9 (decimal 489)
   defining Unicode char U+01EA (decimal 490)
   defining Unicode char U+01EB (decimal 491)
   defining Unicode char U+01F0 (decimal 496)
   defining Unicode char U+01F4 (decimal 500)
   defining Unicode char U+01F5 (decimal 501)
   defining Unicode char U+0218 (decimal 536)
   defining Unicode char U+0219 (decimal 537)
   defining Unicode char U+021A (decimal 538)
   defining Unicode char U+021B (decimal 539)
   defining Unicode char U+0232 (decimal 562)
   defining Unicode char U+0233 (decimal 563)
   defining Unicode char U+0237 (decimal 567)
   defining Unicode char U+02D9 (decimal 729)
   defining Unicode char U+02DB (decimal 731)
   defining Unicode char U+1E02 (decimal 7682)
   defining Unicode char U+1E03 (decimal 7683)
   defining Unicode char U+1E0D (decimal 7693)
   defining Unicode char U+1E1E (decimal 7710)
   defining Unicode char U+1E1F (decimal 7711)
   defining Unicode char U+1E25 (decimal 7717)
   defining Unicode char U+1E30 (decimal 7728)
   defining Unicode char U+1E31 (decimal 7729)
   defining Unicode char U+1E37 (decimal 7735)
   defining Unicode char U+1E8E (decimal 7822)
   defining Unicode char U+1E8F (decimal 7823)
   defining Unicode char U+1E43 (decimal 7747)
   defining Unicode char U+1E45 (decimal 7749)
   defining Unicode char U+1E47 (decimal 7751)
   defining Unicode char U+1E5B (decimal 7771)
   defining Unicode char U+1E63 (decimal 7779)
   defining Unicode char U+1E6D (decimal 7789)
   defining Unicode char U+1E90 (decimal 7824)
   defining Unicode char U+1E91 (decimal 7825)
   defining Unicode char U+1E9E (decimal 7838)
   defining Unicode char U+1EF2 (decimal 7922)
   defining Unicode char U+1EF3 (decimal 7923)
   defining Unicode char U+200C (decimal 8204)
   defining Unicode char U+2010 (decimal 8208)
   defining Unicode char U+2011 (decimal 8209)
   defining Unicode char U+2012 (decimal 8210)
   defining Unicode char U+2013 (decimal 8211)
   defining Unicode char U+2014 (decimal 8212)
   defining Unicode char U+2015 (decimal 8213)
   defining Unicode char U+2018 (decimal 8216)
   defining Unicode char U+2019 (decimal 8217)
   defining Unicode char U+201A (decimal 8218)
   defining Unicode char U+201C (decimal 8220)
   defining Unicode char U+201D (decimal 8221)
   defining Unicode char U+201E (decimal 8222)
   defining Unicode char U+2030 (decimal 8240)
   defining Unicode char U+2031 (decimal 8241)
   defining Unicode char U+2039 (decimal 8249)
   defining Unicode char U+203A (decimal 8250)
   defining Unicode char U+2423 (decimal 9251)
   defining Unicode char U+1E20 (decimal 7712)
   defining Unicode char U+1E21 (decimal 7713)
   defining Unicode char U+FB00 (decimal 64256)
   defining Unicode char U+FB01 (decimal 64257)
   defining Unicode char U+FB02 (decimal 64258)
   defining Unicode char U+FB03 (decimal 64259)
   defining Unicode char U+FB04 (decimal 64260)
   defining Unicode char U+FB05 (decimal 64261)
   defining Unicode char U+FB06 (decimal 64262)
)
Now handling font encoding TS1 ...
... processing UTF-8 mapping file for font encoding TS1
 (/usr/share/texlive/texmf-dist/tex/latex/base/ts1enc.dfu
File: ts1enc.dfu 2022/06/07 v1.3c UTF-8 support
   defining Unicode char U+00A2 (decimal 162)
   defining Unicode char U+00A3 (decimal 163)
   defining Unicode char U+00A4 (decimal 164)
   defining Unicode char U+00A5 (decimal 165)
   defining Unicode char U+00A6 (decimal 166)
   defining Unicode char U+00A7 (decimal 167)
   defining Unicode char U+00A8 (decimal 168)
   defining Unicode char U+00A9 (decimal 169)
   defining Unicode char U+00AA (decimal 170)
   defining Unicode char U+00AC (decimal 172)
   defining Unicode char U+00AE (decimal 174)
   defining Unicode char U+00AF (decimal 175)
   defining Unicode char U+00B0 (decimal 176)
   defining Unicode char U+00B1 (decimal 177)
   defining Unicode char U+00B2 (decimal 178)
   defining Unicode char U+00B3 (decimal 179)
   defining Unicode char U+00B4 (decimal 180)
   defining Unicode char U+00B5 (decimal 181)
   defining Unicode char U+00B6 (decimal 182)
   defining Unicode char U+00B7 (decimal 183)
   defining Unicode char U+00B9 (decimal 185)
   defining Unicode char U+00BA (decimal 186)
   defining Unicode char U+00BC (decimal 188)
   defining Unicode char U+00BD (decimal 189)
   defining Unicode char U+00BE (decimal 190)
   defining Unicode char U+00D7 (decimal 215)
   defining Unicode char U+00F7 (decimal 247)
   defining Unicode char U+0192 (decimal 402)
   defining Unicode char U+02C7 (decimal 711)
   defining Unicode char U+02D8 (decimal 728)
   defining Unicode char U+02DD (decimal 733)
   defining Unicode char U+0E3F (decimal 3647)
   defining Unicode char U+2016 (decimal 8214)
   defining Unicode char U+2020 (decimal 8224)
   defining Unicode char U+2021 (decimal 8225)
   defining Unicode char U+2022 (decimal 8226)
   defining Unicode char U+2030 (decimal 8240)
   defining Unicode char U+2031 (decimal 8241)
   defining Unicode char U+203B (decimal 8251)
   defining Unicode char U+203D (decimal 8253)
   defining Unicode char U+2044 (decimal 8260)
   defining Unicode char U+204E (decimal 8270)
   defining Unicode char U+2052 (decimal 8274)
   defining Unicode char U+20A1 (decimal 8353)
   defining Unicode char U+20A4 (decimal 8356)
   defining Unicode char U+20A6 (decimal 8358)
   defining Unicode char U+20A9 (decimal 8361)
   defining Unicode char U+20AB (decimal 8363)
   defining Unicode char U+20AC (decimal 8364)
   defining Unicode char U+20B1 (decimal 8369)
   defining Unicode char U+2103 (decimal 8451)
   defining Unicode char U+2116 (decimal 8470)
   defining Unicode char U+2117 (decimal 8471)
   defining Unicode char U+211E (decimal 8478)
   defining Unicode char U+2120 (decimal 8480)
   defining Unicode char U+2122 (decimal 8482)
   defining Unicode char U+2126 (decimal 8486)
   defining Unicode char U+2127 (decimal 8487)
   defining Unicode char U+212E (decimal 8494)
   defining Unicode char U+2190 (decimal 8592)
   defining Unicode char U+2191 (decimal 8593)
   defining Unicode char U+2192 (decimal 8594)
   defining Unicode char U+2193 (decimal 8595)
   defining Unicode char U+2329 (decimal 9001)
   defining Unicode char U+3008 (decimal 12296)
   defining Unicode char U+232A (decimal 9002)
   defining Unicode char U+3009 (decimal 12297)
   defining Unicode char U+2422 (decimal 9250)
   defining Unicode char U+25E6 (decimal 9702)
   defining Unicode char U+25EF (decimal 9711)
   defining Unicode char U+266A (decimal 9834)
   defining Unicode char U+27E8 (decimal 10216)
   defining Unicode char U+27E9 (decimal 10217)
   defining Unicode char U+FEFF (decimal 65279)
)
Now handling font encoding OMX ...
... no UTF-8 mapping file for font encoding OMX
Now handling font encoding U ...
... no UTF-8 mapping file for font encoding U
   defining Unicode char U+00A9 (decimal 169)
   defining Unicode char U+00AA (decimal 170)
   defining Unicode char U+00AE (decimal 174)
   defining Unicode char U+00BA (decimal 186)
   defining Unicode char U+02C6 (decimal 710)
   defining Unicode char U+02DC (decimal 732)
   defining Unicode char U+200C (decimal 8204)
   defining Unicode char U+2026 (decimal 8230)
   defining Unicode char U+2122 (decimal 8482)
   defining Unicode char U+2423 (decimal 9251)
   defining Unicode char U+FEFF (decimal 65279)
))) (/usr/share/texlive/texmf-dist/tex/latex/wrapfig/wrapfig.sty
\wrapoverhang=\dimen143
\WF@size=\dimen144
\c@WF@wrappedlines=\count273
\WF@box=\box54
\WF@everypar=\toks21
Package: wrapfig 2003/01/31  v 3.6
) (/usr/share/texlive/texmf-dist/tex/latex/base/ifthen.sty
Package: ifthen 2024/03/16 v1.1e Standard LaTeX ifthen package (DPC)
) (/usr/share/texlive/texmf-dist/tex/latex/lastpage/lastpage.sty
Package: lastpage 2025/01/27 v2.1e lastpage: 2.09 or 2e? (HMM)
 (/usr/share/texlive/texmf-dist/tex/latex/lastpage/lastpage2e.sty
Package: lastpage2e 2025/01/27 v2.1e Decide which 2e lastpage version to use (HMM)
 (/usr/share/texlive/texmf-dist/tex/latex/lastpage/lastpagemodern.sty
Package: lastpagemodern 2025-01-27 v2.1e Refers to last page's name (HMM; JPG)
\c@lastpagecount=\count274
) 
)) (/usr/share/texlive/texmf-dist/tex/latex/currfile/currfile.sty
Package: currfile 2024/03/14 v1.0 Provides the file path elements of the current input file
 (/usr/share/texlive/texmf-dist/tex/latex/kvoptions/kvoptions.sty
Package: kvoptions 2022-06-15 v3.15 Key value format for package options (HO)
 (/usr/share/texlive/texmf-dist/tex/generic/ltxcmds/ltxcmds.sty
Package: ltxcmds 2023-12-04 v1.26 LaTeX kernel commands for general use (HO)
) (/usr/share/texlive/texmf-dist/tex/latex/kvsetkeys/kvsetkeys.sty
Package: kvsetkeys 2022-10-05 v1.19 Key value parser (HO)
)) (/usr/share/texlive/texmf-dist/tex/latex/filehook/filehook.sty
Package: filehook 2022/10/25 v0.8b Hooks for input files
 (/usr/share/texlive/texmf-dist/tex/latex/filehook/filehook-2020.sty
Package: filehook-2020 2022/10/25 v0.8b Hooks for input files
))
\c@currfiledepth=\count275
) (/usr/share/texlive/texmf-dist/tex/latex/caption/caption.sty
Package: caption 2023/08/05 v3.6o Customizing captions (AR)
 (/usr/share/texlive/texmf-dist/tex/latex/caption/caption3.sty
Package: caption3 2023/07/31 v2.4d caption3 kernel (AR)
\caption@tempdima=\dimen145
\captionmargin=\dimen146
\caption@leftmargin=\dimen147
\caption@rightmargin=\dimen148
\caption@width=\dimen149
\caption@indent=\dimen150
\caption@parindent=\dimen151
\caption@hangindent=\dimen152
Package caption Info: KOMA-Script document class detected.
 (/usr/share/texlive/texmf-dist/tex/latex/caption/caption-koma.sto
File: caption-koma.sto 2023/09/08 v2.0e Adaption of the caption package to the KOMA-Script document classes (AR)
))
\c@caption@flags=\count276
\c@continuedfloat=\count277
Package caption Info: KOMA-Script scrextend package detected.
\caption@addmargin@hsize=\dimen153
\caption@addmargin@linewidth=\dimen154
Package caption Info: wrapfig package is loaded.
) (/usr/share/texlive/texmf-dist/tex/latex/sidecap/sidecap.sty
Package: sidecap 2023/01/24 v1.7a SideCap Package (RN/HjG)
\SC@BOXWD=\dimen155
\SC@CAPWD=\dimen156
\SC@tempdima=\dimen157
\SC@tempdimb=\dimen158
\c@SC@C=\count278
\SC@BOX=\box55
) (/usr/share/texlive/texmf-dist/tex/latex/caption/subcaption.sty
Package: subcaption 2023/07/28 v1.6b Sub-captions (AR)
Package caption Info: New subtype `subfigure' on input line 238.
\c@subfigure=\count279
Package caption Info: New subtype `subtable' on input line 238.
\c@subtable=\count280
) (/usr/share/texlive/texmf-dist/tex/latex/pgf/frontendlayer/tikz.sty (/usr/share/texlive/texmf-dist/tex/latex/pgf/basiclayer/pgf.sty (/usr/share/texlive/texmf-dist/tex/latex/pgf/utilities/pgfrcs.sty (/usr/share/texlive/texmf-dist/tex/generic/pgf/utilities/pgfutil-common.tex
\pgfutil@everybye=\toks22
\pgfutil@tempdima=\dimen159
\pgfutil@tempdimb=\dimen160
) (/usr/share/texlive/texmf-dist/tex/generic/pgf/utilities/pgfutil-latex.def
\pgfutil@abb=\box56
) (/usr/share/texlive/texmf-dist/tex/generic/pgf/utilities/pgfrcs.code.tex (/usr/share/texlive/texmf-dist/tex/generic/pgf/pgf.revision.tex)
Package: pgfrcs 2023-01-15 v3.1.10 (3.1.10)
))
Package: pgf 2023-01-15 v3.1.10 (3.1.10)
 (/usr/share/texlive/texmf-dist/tex/latex/pgf/basiclayer/pgfcore.sty (/usr/share/texlive/texmf-dist/tex/latex/graphics/graphicx.sty
Package: graphicx 2021/09/16 v1.2d Enhanced LaTeX Graphics (DPC,SPQR)
 (/usr/share/texlive/texmf-dist/tex/latex/graphics/graphics.sty
Package: graphics 2024/08/06 v1.4g Standard LaTeX Graphics (DPC,SPQR)
 (/usr/share/texlive/texmf-dist/tex/latex/graphics/trig.sty
Package: trig 2023/12/02 v1.11 sin cos tan (DPC)
) (/usr/share/texlive/texmf-dist/tex/latex/graphics-cfg/graphics.cfg
File: graphics.cfg 2016/06/04 v1.11 sample graphics configuration
)
Package graphics Info: Driver file: pdftex.def on input line 106.
)
\Gin@req@height=\dimen161
\Gin@req@width=\dimen162
) (/usr/share/texlive/texmf-dist/tex/latex/pgf/systemlayer/pgfsys.sty (/usr/share/texlive/texmf-dist/tex/generic/pgf/systemlayer/pgfsys.code.tex
Package: pgfsys 2023-01-15 v3.1.10 (3.1.10)
 (/usr/share/texlive/texmf-dist/tex/generic/pgf/utilities/pgfkeys.code.tex
\pgfkeys@pathtoks=\toks23
\pgfkeys@temptoks=\toks24
 (/usr/share/texlive/texmf-dist/tex/generic/pgf/utilities/pgfkeyslibraryfiltered.code.tex
\pgfkeys@tmptoks=\toks25
))
\pgf@x=\dimen163
\pgf@y=\dimen164
\pgf@xa=\dimen165
\pgf@ya=\dimen166
\pgf@xb=\dimen167
\pgf@yb=\dimen168
\pgf@xc=\dimen169
\pgf@yc=\dimen170
\pgf@xd=\dimen171
\pgf@yd=\dimen172
\w@pgf@writea=\write3
\r@pgf@reada=\read3
\c@pgf@counta=\count281
\c@pgf@countb=\count282
\c@pgf@countc=\count283
\c@pgf@countd=\count284
\t@pgf@toka=\toks26
\t@pgf@tokb=\toks27
\t@pgf@tokc=\toks28
\pgf@sys@id@count=\count285
 (/usr/share/texlive/texmf-dist/tex/generic/pgf/systemlayer/pgf.cfg
File: pgf.cfg 2023-01-15 v3.1.10 (3.1.10)
)
Driver file for pgf: pgfsys-pdftex.def
 (/usr/share/texlive/texmf-dist/tex/generic/pgf/systemlayer/pgfsys-pdftex.def
File: pgfsys-pdftex.def 2023-01-15 v3.1.10 (3.1.10)
 (/usr/share/texlive/texmf-dist/tex/generic/pgf/systemlayer/pgfsys-common-pdf.def
File: pgfsys-common-pdf.def 2023-01-15 v3.1.10 (3.1.10)
))) (/usr/share/texlive/texmf-dist/tex/generic/pgf/systemlayer/pgfsyssoftpath.code.tex
File: pgfsyssoftpath.code.tex 2023-01-15 v3.1.10 (3.1.10)
\pgfsyssoftpath@smallbuffer@items=\count286
\pgfsyssoftpath@bigbuffer@items=\count287
) (/usr/share/texlive/texmf-dist/tex/generic/pgf/systemlayer/pgfsysprotocol.code.tex
File: pgfsysprotocol.code.tex 2023-01-15 v3.1.10 (3.1.10)
)) (/usr/share/texlive/texmf-dist/tex/generic/pgf/basiclayer/pgfcore.code.tex
Package: pgfcore 2023-01-15 v3.1.10 (3.1.10)
 (/usr/share/texlive/texmf-dist/tex/generic/pgf/math/pgfmath.code.tex (/usr/share/texlive/texmf-dist/tex/generic/pgf/math/pgfmathutil.code.tex) (/usr/share/texlive/texmf-dist/tex/generic/pgf/math/pgfmathparser.code.tex
\pgfmath@dimen=\dimen173
\pgfmath@count=\count288
\pgfmath@box=\box57
\pgfmath@toks=\toks29
\pgfmath@stack@operand=\toks30
\pgfmath@stack@operation=\toks31
) (/usr/share/texlive/texmf-dist/tex/generic/pgf/math/pgfmathfunctions.code.tex) (/usr/share/texlive/texmf-dist/tex/generic/pgf/math/pgfmathfunctions.basic.code.tex) (/usr/share/texlive/texmf-dist/tex/generic/pgf/math/pgfmathfunctions.trigonometric.code.tex) (/usr/share/texlive/texmf-dist/tex/generic/pgf/math/pgfmathfunctions.random.code.tex) (/usr/share/texlive/texmf-dist/tex/generic/pgf/math/pgfmathfunctions.comparison.code.tex) (/usr/share/texlive/texmf-dist/tex/generic/pgf/math/pgfmathfunctions.base.code.tex) (/usr/share/texlive/texmf-dist/tex/generic/pgf/math/pgfmathfunctions.round.code.tex) (/usr/share/texlive/texmf-dist/tex/generic/pgf/math/pgfmathfunctions.misc.code.tex) (/usr/share/texlive/texmf-dist/tex/generic/pgf/math/pgfmathfunctions.integerarithmetics.code.tex) (/usr/share/texlive/texmf-dist/tex/generic/pgf/math/pgfmathcalc.code.tex) (/usr/share/texlive/texmf-dist/tex/generic/pgf/math/pgfmathfloat.code.tex
\c@pgfmathroundto@lastzeros=\count289
)) (/usr/share/texlive/texmf-dist/tex/generic/pgf/math/pgfint.code.tex) (/usr/share/texlive/texmf-dist/tex/generic/pgf/basiclayer/pgfcorepoints.code.tex
File: pgfcorepoints.code.tex 2023-01-15 v3.1.10 (3.1.10)
\pgf@picminx=\dimen174
\pgf@picmaxx=\dimen175
\pgf@picminy=\dimen176
\pgf@picmaxy=\dimen177
\pgf@pathminx=\dimen178
\pgf@pathmaxx=\dimen179
\pgf@pathminy=\dimen180
\pgf@pathmaxy=\dimen181
\pgf@xx=\dimen182
\pgf@xy=\dimen183
\pgf@yx=\dimen184
\pgf@yy=\dimen185
\pgf@zx=\dimen186
\pgf@zy=\dimen187
) (/usr/share/texlive/texmf-dist/tex/generic/pgf/basiclayer/pgfcorepathconstruct.code.tex
File: pgfcorepathconstruct.code.tex 2023-01-15 v3.1.10 (3.1.10)
\pgf@path@lastx=\dimen188
\pgf@path@lasty=\dimen189
) (/usr/share/texlive/texmf-dist/tex/generic/pgf/basiclayer/pgfcorepathusage.code.tex
File: pgfcorepathusage.code.tex 2023-01-15 v3.1.10 (3.1.10)
\pgf@shorten@end@additional=\dimen190
\pgf@shorten@start@additional=\dimen191
) (/usr/share/texlive/texmf-dist/tex/generic/pgf/basiclayer/pgfcorescopes.code.tex
File: pgfcorescopes.code.tex 2023-01-15 v3.1.10 (3.1.10)
\pgfpic=\box58
\pgf@hbox=\box59
\pgf@layerbox@main=\box60
\pgf@picture@serial@count=\count290
) (/usr/share/texlive/texmf-dist/tex/generic/pgf/basiclayer/pgfcoregraphicstate.code.tex
File: pgfcoregraphicstate.code.tex 2023-01-15 v3.1.10 (3.1.10)
\pgflinewidth=\dimen192
) (/usr/share/texlive/texmf-dist/tex/generic/pgf/basiclayer/pgfcoretransformations.code.tex
File: pgfcoretransformations.code.tex 2023-01-15 v3.1.10 (3.1.10)
\pgf@pt@x=\dimen193
\pgf@pt@y=\dimen194
\pgf@pt@temp=\dimen195
) (/usr/share/texlive/texmf-dist/tex/generic/pgf/basiclayer/pgfcorequick.code.tex
File: pgfcorequick.code.tex 2023-01-15 v3.1.10 (3.1.10)
) (/usr/share/texlive/texmf-dist/tex/generic/pgf/basiclayer/pgfcoreobjects.code.tex
File: pgfcoreobjects.code.tex 2023-01-15 v3.1.10 (3.1.10)
) (/usr/share/texlive/texmf-dist/tex/generic/pgf/basiclayer/pgfcorepathprocessing.code.tex
File: pgfcorepathprocessing.code.tex 2023-01-15 v3.1.10 (3.1.10)
) (/usr/share/texlive/texmf-dist/tex/generic/pgf/basiclayer/pgfcorearrows.code.tex
File: pgfcorearrows.code.tex 2023-01-15 v3.1.10 (3.1.10)
\pgfarrowsep=\dimen196
) (/usr/share/texlive/texmf-dist/tex/generic/pgf/basiclayer/pgfcoreshade.code.tex
File: pgfcoreshade.code.tex 2023-01-15 v3.1.10 (3.1.10)
\pgf@max=\dimen197
\pgf@sys@shading@range@num=\count291
\pgf@shadingcount=\count292
) (/usr/share/texlive/texmf-dist/tex/generic/pgf/basiclayer/pgfcoreimage.code.tex
File: pgfcoreimage.code.tex 2023-01-15 v3.1.10 (3.1.10)
) (/usr/share/texlive/texmf-dist/tex/generic/pgf/basiclayer/pgfcoreexternal.code.tex
File: pgfcoreexternal.code.tex 2023-01-15 v3.1.10 (3.1.10)
\pgfexternal@startupbox=\box61
) (/usr/share/texlive/texmf-dist/tex/generic/pgf/basiclayer/pgfcorelayers.code.tex
File: pgfcorelayers.code.tex 2023-01-15 v3.1.10 (3.1.10)
) (/usr/share/texlive/texmf-dist/tex/generic/pgf/basiclayer/pgfcoretransparency.code.tex
File: pgfcoretransparency.code.tex 2023-01-15 v3.1.10 (3.1.10)
) (/usr/share/texlive/texmf-dist/tex/generic/pgf/basiclayer/pgfcorepatterns.code.tex
File: pgfcorepatterns.code.tex 2023-01-15 v3.1.10 (3.1.10)
) (/usr/share/texlive/texmf-dist/tex/generic/pgf/basiclayer/pgfcorerdf.code.tex
File: pgfcorerdf.code.tex 2023-01-15 v3.1.10 (3.1.10)
))) (/usr/share/texlive/texmf-dist/tex/generic/pgf/modules/pgfmoduleshapes.code.tex
File: pgfmoduleshapes.code.tex 2023-01-15 v3.1.10 (3.1.10)
\pgfnodeparttextbox=\box62
) (/usr/share/texlive/texmf-dist/tex/generic/pgf/modules/pgfmoduleplot.code.tex
File: pgfmoduleplot.code.tex 2023-01-15 v3.1.10 (3.1.10)
) (/usr/share/texlive/texmf-dist/tex/latex/pgf/compatibility/pgfcomp-version-0-65.sty
Package: pgfcomp-version-0-65 2023-01-15 v3.1.10 (3.1.10)
\pgf@nodesepstart=\dimen198
\pgf@nodesepend=\dimen199
) (/usr/share/texlive/texmf-dist/tex/latex/pgf/compatibility/pgfcomp-version-1-18.sty
Package: pgfcomp-version-1-18 2023-01-15 v3.1.10 (3.1.10)
)) (/usr/share/texlive/texmf-dist/tex/latex/pgf/utilities/pgffor.sty (/usr/share/texlive/texmf-dist/tex/latex/pgf/utilities/pgfkeys.sty (/usr/share/texlive/texmf-dist/tex/generic/pgf/utilities/pgfkeys.code.tex)) (/usr/share/texlive/texmf-dist/tex/latex/pgf/math/pgfmath.sty (/usr/share/texlive/texmf-dist/tex/generic/pgf/math/pgfmath.code.tex)) (/usr/share/texlive/texmf-dist/tex/generic/pgf/utilities/pgffor.code.tex
Package: pgffor 2023-01-15 v3.1.10 (3.1.10)
\pgffor@iter=\dimen256
\pgffor@skip=\dimen257
\pgffor@stack=\toks32
\pgffor@toks=\toks33
)) (/usr/share/texlive/texmf-dist/tex/generic/pgf/frontendlayer/tikz/tikz.code.tex
Package: tikz 2023-01-15 v3.1.10 (3.1.10)
 (/usr/share/texlive/texmf-dist/tex/generic/pgf/libraries/pgflibraryplothandlers.code.tex
File: pgflibraryplothandlers.code.tex 2023-01-15 v3.1.10 (3.1.10)
\pgf@plot@mark@count=\count293
\pgfplotmarksize=\dimen258
)
\tikz@lastx=\dimen259
\tikz@lasty=\dimen260
\tikz@lastxsaved=\dimen261
\tikz@lastysaved=\dimen262
\tikz@lastmovetox=\dimen263
\tikz@lastmovetoy=\dimen264
\tikzleveldistance=\dimen265
\tikzsiblingdistance=\dimen266
\tikz@figbox=\box63
\tikz@figbox@bg=\box64
\tikz@tempbox=\box65
\tikz@tempbox@bg=\box66
\tikztreelevel=\count294
\tikznumberofchildren=\count295
\tikznumberofcurrentchild=\count296
\tikz@fig@count=\count297
 (/usr/share/texlive/texmf-dist/tex/generic/pgf/modules/pgfmodulematrix.code.tex
File: pgfmodulematrix.code.tex 2023-01-15 v3.1.10 (3.1.10)
\pgfmatrixcurrentrow=\count298
\pgfmatrixcurrentcolumn=\count299
\pgf@matrix@numberofcolumns=\count300
)
\tikz@expandcount=\count301
 (/usr/share/texlive/texmf-dist/tex/generic/pgf/frontendlayer/tikz/libraries/tikzlibrarytopaths.code.tex
File: tikzlibrarytopaths.code.tex 2023-01-15 v3.1.10 (3.1.10)
))) (/usr/share/texlive/texmf-dist/tex/latex/tools/calc.sty
Package: calc 2023/07/08 v4.3 Infix arithmetic (KKT,FJ)
\calc@Acount=\count302
\calc@Bcount=\count303
\calc@Adimen=\dimen267
\calc@Bdimen=\dimen268
\calc@Askip=\skip79
\calc@Bskip=\skip80
LaTeX Info: Redefining \setlength on input line 80.
LaTeX Info: Redefining \addtolength on input line 81.
\calc@Ccount=\count304
\calc@Cskip=\skip81
) (/usr/share/texlive/texmf-dist/tex/latex/multirow/multirow.sty
Package: multirow 2024/11/12 v2.9 Span multiple rows of a table
\multirow@colwidth=\skip82
\multirow@cntb=\count305
\multirow@dima=\skip83
\bigstrutjot=\dimen269
) (/usr/share/texlive/texmf-dist/tex/latex/tools/longtable.sty
Package: longtable 2024-10-27 v4.22 Multi-page Table package (DPC)
\LTleft=\skip84
\LTright=\skip85
\LTpre=\skip86
\LTpost=\skip87
\LTchunksize=\count306
\LTcapwidth=\dimen270
\LT@head=\box67
\LT@firsthead=\box68
\LT@foot=\box69
\LT@lastfoot=\box70
\LT@gbox=\box71
\LT@cols=\count307
\LT@rows=\count308
\c@LT@tables=\count309
\c@LT@chunks=\count310
\LT@p@ftn=\toks34
)
Class scrartcl Info: longtable captions redefined on input line 20.
 (/usr/share/texlive/texmf-dist/tex/latex/amscls/amsthm.sty
Package: amsthm 2020/05/29 v2.20.6
\thm@style=\toks35
\thm@bodyfont=\toks36
\thm@headfont=\toks37
\thm@notefont=\toks38
\thm@headpunct=\toks39
\thm@preskip=\skip88
\thm@postskip=\skip89
\thm@headsep=\skip90
\dth@everypar=\toks40
) (/usr/share/texlive/texmf-dist/tex/latex/xpatch/xpatch.sty (/usr/share/texlive/texmf-dist/tex/latex/l3kernel/expl3.sty
Package: expl3 2025-01-18 L3 programming layer (loader) 
 (/usr/share/texlive/texmf-dist/tex/latex/l3backend/l3backend-pdftex.def
File: l3backend-pdftex.def 2024-05-08 L3 backend support: PDF output (pdfTeX)
\l__color_backend_stack_int=\count311
\l__pdf_internal_box=\box72
))
Package: xpatch 2020/03/25 v0.3a Extending etoolbox patching commands
 (/usr/share/texlive/texmf-dist/tex/latex/l3packages/xparse/xparse.sty
Package: xparse 2024-08-16 L3 Experimental document command parser
) (/usr/share/texlive/texmf-dist/tex/latex/etoolbox/etoolbox.sty
Package: etoolbox 2025/02/11 v2.5l e-TeX tools for LaTeX (JAW)
\etb@tempcnta=\count312
))
Class scrartcl Info: amsthm's \deferred@thm@head patched.
 (/usr/share/texlive/texmf-dist/tex/latex/amsmath/amsbsy.sty
Package: amsbsy 1999/11/29 v1.2d Bold Symbols
 (/usr/share/texlive/texmf-dist/tex/latex/amsmath/amsgen.sty
File: amsgen.sty 1999/11/30 v2.0 generic functions
\@emptytoks=\toks41
\ex@=\dimen271
)
\pmbraise@=\dimen272
) (/usr/share/texlive/texmf-dist/tex/latex/geometry/geometry.sty
Package: geometry 2020/01/02 v5.9 Page Geometry
 (/usr/share/texlive/texmf-dist/tex/generic/iftex/ifvtex.sty
Package: ifvtex 2019/10/25 v1.7 ifvtex legacy package. Use iftex instead.
 (/usr/share/texlive/texmf-dist/tex/generic/iftex/iftex.sty
Package: iftex 2024/12/12 v1.0g TeX engine tests
))
\Gm@cnth=\count313
\Gm@cntv=\count314
\c@Gm@tempcnt=\count315
\Gm@bindingoffset=\dimen273
\Gm@wd@mp=\dimen274
\Gm@odd@mp=\dimen275
\Gm@even@mp=\dimen276
\Gm@layoutwidth=\dimen277
\Gm@layoutheight=\dimen278
\Gm@layouthoffset=\dimen279
\Gm@layoutvoffset=\dimen280
\Gm@dimlist=\toks42
) (/usr/share/texlive/texmf-dist/tex/latex/amsfonts/amssymb.sty
Package: amssymb 2013/01/14 v3.01 AMS font symbols
 (/usr/share/texlive/texmf-dist/tex/latex/amsfonts/amsfonts.sty
Package: amsfonts 2013/01/14 v3.01 Basic AMSFonts support
\symAMSa=\mathgroup4
\symAMSb=\mathgroup5
LaTeX Font Info:    Redeclaring math symbol \hbar on input line 98.
LaTeX Font Info:    Overwriting math alphabet `\mathfrak' in version `bold'
(Font)                  U/euf/m/n --> U/euf/b/n on input line 106.
)) (/usr/share/texlive/texmf-dist/tex/latex/tools/array.sty
Package: array 2024/10/17 v2.6g Tabular extension package (FMi)
\col@sep=\dimen281
\ar@mcellbox=\box73
\extrarowheight=\dimen282
\NC@list=\toks43
\extratabsurround=\skip91
\backup@length=\skip92
\ar@cellbox=\box74
) (/usr/share/texlive/texmf-dist/tex/latex/changepage/chngpage.sty
Package: chngpage 2009/10/20 v1.2b change page layout
\c@cp@cnt=\count316
\c@cp@tempcnt=\count317
) (/usr/share/texlive/texmf-dist/tex/latex/tabulary/tabulary.sty
Package: tabulary 2024/06/04 v0.11 tabulary package (DPC)
\TY@count=\count318
\TY@linewidth=\dimen283
\tymin=\dimen284
\tymax=\dimen285
\TY@tablewidth=\dimen286
) (/usr/share/texlive/texmf-dist/tex/latex/amsmath/amsmath.sty
Package: amsmath 2024/11/05 v2.17t AMS math features
\@mathmargin=\skip93

For additional information on amsmath, use the `?' option.
(/usr/share/texlive/texmf-dist/tex/latex/amsmath/amstext.sty
Package: amstext 2021/08/26 v2.01 AMS text
) (/usr/share/texlive/texmf-dist/tex/latex/amsmath/amsopn.sty
Package: amsopn 2022/04/08 v2.04 operator names
)
\inf@bad=\count319
LaTeX Info: Redefining \frac on input line 233.
\uproot@=\count320
\leftroot@=\count321
LaTeX Info: Redefining \overline on input line 398.
LaTeX Info: Redefining \colon on input line 409.
\classnum@=\count322
\DOTSCASE@=\count323
LaTeX Info: Redefining \ldots on input line 495.
LaTeX Info: Redefining \dots on input line 498.
LaTeX Info: Redefining \cdots on input line 619.
\Mathstrutbox@=\box75
\strutbox@=\box76
LaTeX Info: Redefining \big on input line 721.
LaTeX Info: Redefining \Big on input line 722.
LaTeX Info: Redefining \bigg on input line 723.
LaTeX Info: Redefining \Bigg on input line 724.
\big@size=\dimen287
LaTeX Font Info:    Redeclaring font encoding OML on input line 742.
LaTeX Font Info:    Redeclaring font encoding OMS on input line 743.
\macc@depth=\count324
LaTeX Info: Redefining \bmod on input line 904.
LaTeX Info: Redefining \pmod on input line 909.
LaTeX Info: Redefining \smash on input line 939.
LaTeX Info: Redefining \relbar on input line 969.
LaTeX Info: Redefining \Relbar on input line 970.
\c@MaxMatrixCols=\count325
\dotsspace@=\muskip17
\c@parentequation=\count326
\dspbrk@lvl=\count327
\tag@help=\toks44
\row@=\count328
\column@=\count329
\maxfields@=\count330
\andhelp@=\toks45
\eqnshift@=\dimen288
\alignsep@=\dimen289
\tagshift@=\dimen290
\tagwidth@=\dimen291
\totwidth@=\dimen292
\lineht@=\dimen293
\@envbody=\toks46
\multlinegap=\skip94
\multlinetaggap=\skip95
\mathdisplay@stack=\toks47
LaTeX Info: Redefining \[ on input line 2953.
LaTeX Info: Redefining \] on input line 2954.
) (/usr/share/texlive/texmf-dist/tex/latex/tools/xspace.sty
Package: xspace 2014/10/28 v1.13 Space after command names (DPC,MH)
) (/usr/share/texlive/texmf-dist/tex/latex/pdfpages/pdfpages.sty
Package: pdfpages 2025/01/30 v0.6e Insert pages of external PDF documents (AM)
 (/usr/share/texlive/texmf-dist/tex/latex/eso-pic/eso-pic.sty
Package: eso-pic 2023/05/03 v3.0c eso-pic (RN)
\ESO@tempdima=\dimen294
\ESO@tempdimb=\dimen295
)
\AM@pagewidth=\dimen296
\AM@pageheight=\dimen297
\AM@fboxrule=\dimen298
 (/usr/share/texlive/texmf-dist/tex/latex/pdfpages/pppdftex.def
File: pppdftex.def 2025/01/30 v0.6e Pdfpages driver for pdfTeX (AM)
)
\pdfpages@includegraphics@status=\count331
\AM@pagebox=\box77
\AM@global@opts=\toks48
\AM@pagecnt=\count332
\AM@toc@title=\toks49
\AM@lof@heading=\toks50
\c@AM@survey=\count333
\AM@templatesizebox=\box78
) (/usr/share/texlive/texmf-dist/tex/latex/textfit/textfit.sty
Package: textfit 1994/04/15
\mags@f@r=\count334
\desired@size=\dimen299
\r@mainder=\count335
\m@gstepcount=\count336
\m@gsteplimit=\count337
\m@gstepvalue=\count338
\m@gstepdimen=\dimen300
) (/usr/share/texlive/texmf-dist/tex/latex/tabu/tabu.sty
Package: tabu 2019/01/11 v2.9 - flexible LaTeX tabulars (FC+tabu-fixed) + intermediate FMi
 (/usr/share/texlive/texmf-dist/tex/latex/varwidth/varwidth.sty
Package: varwidth 2009/03/30 ver 0.92;  Variable-width minipages
\@vwid@box=\box79
\sift@deathcycles=\count339
\@vwid@loff=\dimen301
\@vwid@roff=\dimen302
)
\c@taburow=\count340
\tabu@nbcols=\count341
\tabu@cnt=\count342
\tabu@Xcol=\count343
\tabu@alloc=\count344
\tabu@nested=\count345
\tabu@target=\dimen303
\tabu@spreadtarget=\dimen304
\tabu@naturalX=\dimen305
\tabucolX=\dimen306
\tabu@Xsum=\dimen307
\extrarowdepth=\dimen308
\abovetabulinesep=\dimen309
\belowtabulinesep=\dimen310
\tabustrutrule=\dimen311
\tabu@thebody=\toks51
\tabu@footnotes=\toks52
\tabu@box=\box80
\tabu@arstrutbox=\box81
\tabu@hleads=\box82
\tabu@vleads=\box83
\tabu@cellskip=\skip96
) (/usr/share/texlive/texmf-dist/tex/latex/listings/listings.sty
\lst@mode=\count346
\lst@gtempboxa=\box84
\lst@token=\toks53
\lst@length=\count347
\lst@currlwidth=\dimen312
\lst@column=\count348
\lst@pos=\count349
\lst@lostspace=\dimen313
\lst@width=\dimen314
\lst@newlines=\count350
\lst@lineno=\count351
\lst@maxwidth=\dimen315
 (/usr/share/texlive/texmf-dist/tex/latex/listings/lstpatch.sty
File: lstpatch.sty 2024/09/23 1.10c (Carsten Heinz)
) (/usr/share/texlive/texmf-dist/tex/latex/listings/lstmisc.sty
File: lstmisc.sty 2024/09/23 1.10c (Carsten Heinz)
\c@lstnumber=\count352
\lst@skipnumbers=\count353
\lst@framebox=\box85
) (/usr/share/texlive/texmf-dist/tex/latex/listings/listings.cfg
File: listings.cfg 2024/09/23 1.10c listings configuration
))
Package: listings 2024/09/23 1.10c (Carsten Heinz)
 (/usr/share/texlive/texmf-dist/tex/latex/base/fontenc.sty
Package: fontenc 2021/04/29 v2.0v Standard LaTeX package
) (/usr/share/texlive/texmf-dist/tex/latex/psnfss/helvet.sty
Package: helvet 2020/03/25 PSNFSS-v9.3 (WaS) 
) (/usr/share/texlive/texmf-dist/tex/latex/glossaries/base/glossaries.sty
Package: glossaries 2025/03/03 v4.56 (NLCT)
 (/usr/share/texlive/texmf-dist/tex/latex/xkeyval/xkeyval.sty
Package: xkeyval 2022/06/16 v2.9 package option processing (HA)
 (/usr/share/texlive/texmf-dist/tex/generic/xkeyval/xkeyval.tex (/usr/share/texlive/texmf-dist/tex/generic/xkeyval/xkvutils.tex
\XKV@toks=\toks54
\XKV@tempa@toks=\toks55
)
\XKV@depth=\count354
File: xkeyval.tex 2014/12/03 v2.7a key=value parser (HA)
)) (/usr/share/texlive/texmf-dist/tex/latex/mfirstuc/mfirstuc.sty
Package: mfirstuc 2022/10/14 v2.08 (NLCT)
\@glsmfirst=\toks56
\@glsmrest=\toks57
) (/usr/share/texlive/texmf-dist/tex/latex/xfor/xfor.sty
Package: xfor 2009/02/05 v1.05 (NLCT)
) (/usr/share/texlive/texmf-dist/tex/latex/tracklang/tracklang.sty
Package: tracklang 2025/03/04 v1.6.5 (NLCT) Track Languages
 (/usr/share/texlive/texmf-dist/tex/generic/tracklang/tracklang.tex)) (/usr/share/texlive/texmf-dist/tex/latex/translator/translator.sty
Package: translator 2021-05-31 v1.12d Easy translation of strings in LaTeX
) (/usr/share/texlive/texmf-dist/tex/latex/glossaries-german/glossaries-german.ldf
File: glossaries-german.ldf 2014/11/23 v1.0
) (/usr/share/texlive/texmf-dist/tex/latex/datatool/datatool-base.sty
Package: datatool-base 2025/03/05 v3.0.1 (NLCT)
 (/usr/share/texlive/texmf-dist/tex/latex/datatool/datatool-l3fp.def
File: datatool-l3fp.def 2025/03/05 v3.0.1 (NLCT)
)
\@dtl@toks=\toks58
\@dtl@tmpcount=\count355
\dtl@tmplength=\skip97
\l__datatool_measure_box=\box86
\dtl@sortresult=\count356
 (/usr/share/texlive/texmf-dist/tex/latex/datatool/datatool-utf8.ldf
File: datatool-utf8.ldf 2025/03/05 v3.0.1 (NLCT)
)
\@dtl@datatype=\count357
\l__datatool_tmpa_int=\count358
\l__datatool_tmpb_int=\count359
\l__datatool_tmpc_int=\count360
\l__datatool_tmpd_int=\count361
\l__datatool_count_int=\count362
\l__datatool_tmp_datatype_int=\count363
\l__datatool_tmpa_dim=\dimen316
\l__datatool_tmpb_dim=\dimen317
\c_datatool_unknown_int=\count364
\l__datatool_year_int=\count365
\l__datatool_month_int=\count366
\l__datatool_day_int=\count367
\l__datatool_hour_int=\count368
\l__datatool_minute_int=\count369
\l__datatool_second_int=\count370
\l__datatool_tzhour_int=\count371
\l__datatool_tzminute_int=\count372
\l__datatool_julian_int=\count373
\l__datatool_local_julian_int=\count374
\l__datatool_prefix_int=\count375
\l__datatool_suffix_int=\count376
\@dtl@foreach@level=\count377


Package tracklang Warning: No `datatool' support for dialect `ngerman'  on input line 9897.

\dtl@codeA=\count378
\dtl@codeB=\count379
)
\gls@level=\count380
\@gls@tmpb=\toks59
\gls@tmplen=\skip98
\glskeylisttok=\toks60
\glslabeltok=\toks61
\glsshorttok=\toks62
\glslongtok=\toks63
 (/usr/share/texlive/texmf-dist/tex/latex/glossaries/styles/glossary-hypernav.sty
Package: glossary-hypernav 2025/03/03 v4.56 (NLCT)
) (/usr/share/texlive/texmf-dist/tex/latex/glossaries/styles/glossary-list.sty
Package: glossary-list 2025/03/03 v4.56 (NLCT)
\glslistdottedwidth=\skip99
) (/usr/share/texlive/texmf-dist/tex/latex/glossaries/styles/glossary-long.sty
Package: glossary-long 2025/03/03 v4.56 (NLCT)
\glsdescwidth=\skip100
\glspagelistwidth=\skip101
) (/usr/share/texlive/texmf-dist/tex/latex/glossaries/styles/glossary-super.sty
Package: glossary-super 2025/03/03 v4.56 (NLCT)
 (/usr/share/texlive/texmf-dist/tex/latex/supertabular/supertabular.sty
Package: supertabular 2024/07/20 v4.2c the supertabular environment
\c@tracingst=\count381
\ST@wd=\dimen318
\ST@rightskip=\skip102
\ST@leftskip=\skip103
\ST@parfillskip=\skip104
\ST@pageleft=\dimen319
\ST@headht=\dimen320
\ST@tailht=\dimen321
\ST@pagesofar=\dimen322
\ST@pboxht=\dimen323
\ST@rowht=\dimen324
\ST@prevht=\dimen325
\ST@toadd=\dimen326
\ST@dimen=\dimen327
\ST@pbox=\box87
)) (/usr/share/texlive/texmf-dist/tex/latex/glossaries/styles/glossary-tree.sty
Package: glossary-tree 2025/03/03 v4.56 (NLCT)
\glstreeindent=\skip105
)) (/usr/share/texlive/texmf-dist/tex/latex/docmute/docmute.sty
Package: docmute 2012/03/22 v1.4 Input stand-alone documents
) (/usr/share/texlive/texmf-dist/tex/latex/tcolorbox/tcolorbox.sty
Package: tcolorbox 2024/10/22 version 6.4.1 text color boxes
 (/usr/share/texlive/texmf-dist/tex/latex/tools/verbatim.sty
Package: verbatim 2024-01-22 v1.5x LaTeX2e package for verbatim enhancements
\every@verbatim=\toks64
\verbatim@line=\toks65
\verbatim@in@stream=\read4
) (/usr/share/texlive/texmf-dist/tex/latex/environ/environ.sty
Package: environ 2014/05/04 v0.3 A new way to define environments
 (/usr/share/texlive/texmf-dist/tex/latex/trimspaces/trimspaces.sty
Package: trimspaces 2009/09/17 v1.1 Trim spaces around a token list
))
\tcb@titlebox=\box88
\tcb@upperbox=\box89
\tcb@lowerbox=\box90
\tcb@phantombox=\box91
\c@tcbbreakpart=\count382
\c@tcblayer=\count383
\c@tcolorbox@number=\count384
\l__tcobox_tmpa_box=\box92
\l__tcobox_tmpa_dim=\dimen328
\tcb@temp=\box93
\tcb@temp=\box94
\tcb@temp=\box95
\tcb@temp=\box96
 (/usr/share/texlive/texmf-dist/tex/latex/tcolorbox/tcbraster.code.tex
Library (tcolorbox): 'tcbraster.code.tex' version '6.4.1'
\c@tcbrastercolumn=\count385
\c@tcbrasterrow=\count386
\c@tcbrasternum=\count387
\c@tcbraster=\count388
) (/usr/share/texlive/texmf-dist/tex/latex/tcolorbox/tcbskins.code.tex
Library (tcolorbox): 'tcbskins.code.tex' version '6.4.1'
(/usr/share/texlive/texmf-dist/tex/latex/tikzfill/tikzfill.image.sty
Package: tikzfill.image 2023/08/08 v1.0.1 Image filling library for TikZ
 (/usr/share/texlive/texmf-dist/tex/latex/tikzfill/tikzfill-common.sty
Package: tikzfill-common 2023/08/08 v1.0.1 Auxiliary code for tikzfill
) (/usr/share/texlive/texmf-dist/tex/latex/tikzfill/tikzlibraryfill.image.code.tex
File: tikzlibraryfill.image.code.tex 2023/08/08 v1.0.1 Image filling library
\l__tikzfill_img_box=\box97
)) (/usr/share/texlive/texmf-dist/tex/latex/tcolorbox/tcbskinsjigsaw.code.tex
Library (tcolorbox): 'tcbskinsjigsaw.code.tex' version '6.4.1'
)) (/usr/share/texlive/texmf-dist/tex/latex/tcolorbox/tcbbreakable.code.tex
Library (tcolorbox): 'tcbbreakable.code.tex' version '6.4.1'
(/usr/share/texlive/texmf-dist/tex/latex/pdfcol/pdfcol.sty
Package: pdfcol 2022-09-21 v1.7 Handle new color stacks for pdfTeX (HO)
 (/usr/share/texlive/texmf-dist/tex/generic/infwarerr/infwarerr.sty
Package: infwarerr 2019/12/03 v1.5 Providing info/warning/error messages (HO)
))
Package pdfcol Info: New color stack `tcb@breakable' = 1 on input line 23.
\tcb@testbox=\box98
\tcb@totalupperbox=\box99
\tcb@totallowerbox=\box100
) (/usr/share/texlive/texmf-dist/tex/latex/tcolorbox/tcbhooks.code.tex
Library (tcolorbox): 'tcbhooks.code.tex' version '6.4.1'
) (/usr/share/texlive/texmf-dist/tex/latex/tcolorbox/tcbtheorems.code.tex
Library (tcolorbox): 'tcbtheorems.code.tex' version '6.4.1'
) (/usr/share/texlive/texmf-dist/tex/latex/tcolorbox/tcbfitting.code.tex
Library (tcolorbox): 'tcbfitting.code.tex' version '6.4.1'
\tcbfitdim=\dimen329
\tcb@lowerfitdim=\dimen330
\tcb@upperfitdim=\dimen331
\tcb@cur@hbadness=\count389
) (/usr/share/texlive/texmf-dist/tex/latex/tcolorbox/tcblistingsutf8.code.tex
Library (tcolorbox): 'tcblistingsutf8.code.tex' version '6.4.1'
(/usr/share/texlive/texmf-dist/tex/latex/tcolorbox/tcblistings.code.tex
Library (tcolorbox): 'tcblistings.code.tex' version '6.4.1'
(/usr/share/texlive/texmf-dist/tex/latex/tcolorbox/tcblistingscore.code.tex
Library (tcolorbox): 'tcblistingscore.code.tex' version '6.4.1'
(/usr/share/texlive/texmf-dist/tex/latex/tcolorbox/tcbprocessing.code.tex
Library (tcolorbox): 'tcbprocessing.code.tex' version '6.4.1'
)
\c@tcblisting=\count390
)) (/usr/share/texlive/texmf-dist/tex/latex/listingsutf8/listingsutf8.sty
Package: listingsutf8 2019-12-10 v1.5 Allow UTF-8 in listings input (HO)
 (/usr/share/texlive/texmf-dist/tex/generic/pdftexcmds/pdftexcmds.sty
Package: pdftexcmds 2020-06-27 v0.33 Utility functions of pdfTeX for LuaTeX (HO)
Package pdftexcmds Info: \pdf@primitive is available.
Package pdftexcmds Info: \pdf@ifprimitive is available.
Package pdftexcmds Info: \pdfdraftmode found.
) (/usr/share/texlive/texmf-dist/tex/generic/stringenc/stringenc.sty
Package: stringenc 2019/11/29 v1.12 Convert strings between diff. encodings (HO)
 (/usr/share/texlive/texmf-dist/tex/generic/pdfescape/pdfescape.sty
Package: pdfescape 2019/12/09 v1.15 Implements pdfTeX's escape features (HO)
)))) (/usr/share/texlive/texmf-dist/tex/latex/tcolorbox/tcbexternal.code.tex
Library (tcolorbox): 'tcbexternal.code.tex' version '6.4.1'
) (/usr/share/texlive/texmf-dist/tex/latex/tcolorbox/tcbmagazine.code.tex
Library (tcolorbox): 'tcbmagazine.code.tex' version '6.4.1'
) (/usr/share/texlive/texmf-dist/tex/latex/tcolorbox/tcbvignette.code.tex
Library (tcolorbox): 'tcbvignette.code.tex' version '6.4.1'
(/usr/share/texlive/texmf-dist/tex/generic/pgf/frontendlayer/tikz/libraries/tikzlibraryfadings.code.tex
File: tikzlibraryfadings.code.tex 2023-01-15 v3.1.10 (3.1.10)
 (/usr/share/texlive/texmf-dist/tex/generic/pgf/libraries/pgflibraryfadings.code.tex
File: pgflibraryfadings.code.tex 2023-01-15 v3.1.10 (3.1.10)
))) (/usr/share/texlive/texmf-dist/tex/latex/tcolorbox/tcbposter.code.tex
Library (tcolorbox): 'tcbposter.code.tex' version '6.4.1'
)) (/usr/share/texlive/texmf-dist/tex/latex/hyperref/hyperref.sty
Package: hyperref 2024-11-05 v7.01l Hypertext links for LaTeX
 (/usr/share/texlive/texmf-dist/tex/generic/kvdefinekeys/kvdefinekeys.sty
Package: kvdefinekeys 2019-12-19 v1.6 Define keys (HO)
) (/usr/share/texlive/texmf-dist/tex/latex/hycolor/hycolor.sty
Package: hycolor 2020-01-27 v1.10 Color options for hyperref/bookmark (HO)
) (/usr/share/texlive/texmf-dist/tex/latex/hyperref/nameref.sty
Package: nameref 2023-11-26 v2.56 Cross-referencing by name of section
 (/usr/share/texlive/texmf-dist/tex/latex/refcount/refcount.sty
Package: refcount 2019/12/15 v3.6 Data extraction from label references (HO)
) (/usr/share/texlive/texmf-dist/tex/generic/gettitlestring/gettitlestring.sty
Package: gettitlestring 2019/12/15 v1.6 Cleanup title references (HO)
)
\c@section@level=\count391
)
\@linkdim=\dimen332
\Hy@linkcounter=\count392
\Hy@pagecounter=\count393
 (/usr/share/texlive/texmf-dist/tex/latex/hyperref/pd1enc.def
File: pd1enc.def 2024-11-05 v7.01l Hyperref: PDFDocEncoding definition (HO)
Now handling font encoding PD1 ...
... no UTF-8 mapping file for font encoding PD1
) (/usr/share/texlive/texmf-dist/tex/generic/intcalc/intcalc.sty
Package: intcalc 2019/12/15 v1.3 Expandable calculations with integers (HO)
)
\Hy@SavedSpaceFactor=\count394
 (/usr/share/texlive/texmf-dist/tex/latex/hyperref/puenc.def
File: puenc.def 2024-11-05 v7.01l Hyperref: PDF Unicode definition (HO)
Now handling font encoding PU ...
... no UTF-8 mapping file for font encoding PU
)
Package hyperref Info: Hyper figures OFF on input line 4157.
Package hyperref Info: Link nesting OFF on input line 4162.
Package hyperref Info: Hyper index ON on input line 4165.
Package hyperref Info: Plain pages OFF on input line 4172.
Package hyperref Info: Backreferencing OFF on input line 4177.
Package hyperref Info: Implicit mode ON; LaTeX internals redefined.
Package hyperref Info: Bookmarks ON on input line 4424.
\c@Hy@tempcnt=\count395
 (/usr/share/texlive/texmf-dist/tex/latex/url/url.sty
\Urlmuskip=\muskip18
Package: url 2013/09/16  ver 3.4  Verb mode for urls, etc.
)
LaTeX Info: Redefining \url on input line 4763.
\XeTeXLinkMargin=\dimen333
 (/usr/share/texlive/texmf-dist/tex/generic/bitset/bitset.sty
Package: bitset 2019/12/09 v1.3 Handle bit-vector datatype (HO)
 (/usr/share/texlive/texmf-dist/tex/generic/bigintcalc/bigintcalc.sty
Package: bigintcalc 2019/12/15 v1.5 Expandable calculations on big integers (HO)
))
\Fld@menulength=\count396
\Field@Width=\dimen334
\Fld@charsize=\dimen335
Package hyperref Info: Hyper figures OFF on input line 6042.
Package hyperref Info: Link nesting OFF on input line 6047.
Package hyperref Info: Hyper index ON on input line 6050.
Package hyperref Info: backreferencing OFF on input line 6057.
Package hyperref Info: Link coloring OFF on input line 6062.
Package hyperref Info: Link coloring with OCG OFF on input line 6067.
Package hyperref Info: PDF/A mode OFF on input line 6072.
 (/usr/share/texlive/texmf-dist/tex/latex/base/atbegshi-ltx.sty
Package: atbegshi-ltx 2021/01/10 v1.0c Emulation of the original atbegshi
package with kernel methods
)
\Hy@abspage=\count397
\c@Item=\count398
\c@Hfootnote=\count399
)
Package hyperref Info: Driver (autodetected): hpdftex.
 (/usr/share/texlive/texmf-dist/tex/latex/hyperref/hpdftex.def
File: hpdftex.def 2024-11-05 v7.01l Hyperref driver for pdfTeX
 (/usr/share/texlive/texmf-dist/tex/latex/base/atveryend-ltx.sty
Package: atveryend-ltx 2020/08/19 v1.0a Emulation of the original atveryend package
with kernel methods
)
\Fld@listcount=\count400
\c@bookmark@seq@number=\count401
 (/usr/share/texlive/texmf-dist/tex/latex/rerunfilecheck/rerunfilecheck.sty
Package: rerunfilecheck 2022-07-10 v1.10 Rerun checks for auxiliary files (HO)
 (/usr/share/texlive/texmf-dist/tex/generic/uniquecounter/uniquecounter.sty
Package: uniquecounter 2019/12/15 v1.4 Provide unlimited unique counter (HO)
)
Package uniquecounter Info: New unique counter `rerunfilecheck' on input line 285.
)
\Hy@SectionHShift=\skip106
) (/usr/share/texlive/texmf-dist/tex/latex/biblatex/biblatex.sty
Package: biblatex 2024/03/21 v3.20 programmable bibliographies (PK/MW)
 (/usr/share/texlive/texmf-dist/tex/latex/logreq/logreq.sty
Package: logreq 2010/08/04 v1.0 xml request logger
\lrq@indent=\count402
 (/usr/share/texlive/texmf-dist/tex/latex/logreq/logreq.def
File: logreq.def 2010/08/04 v1.0 logreq spec v1.0
))
\c@tabx@nest=\count403
\c@listtotal=\count404
\c@listcount=\count405
\c@liststart=\count406
\c@liststop=\count407
\c@citecount=\count408
\c@citetotal=\count409
\c@multicitecount=\count410
\c@multicitetotal=\count411
\c@instcount=\count412
\c@maxnames=\count413
\c@minnames=\count414
\c@maxitems=\count415
\c@minitems=\count416
\c@citecounter=\count417
\c@maxcitecounter=\count418
\c@savedcitecounter=\count419
\c@uniquelist=\count420
\c@uniquename=\count421
\c@refsection=\count422
\c@refsegment=\count423
\c@maxextratitle=\count424
\c@maxextratitleyear=\count425
\c@maxextraname=\count426
\c@maxextradate=\count427
\c@maxextraalpha=\count428
\c@abbrvpenalty=\count429
\c@highnamepenalty=\count430
\c@lownamepenalty=\count431
\c@maxparens=\count432
\c@parenlevel=\count433
\blx@tempcnta=\count434
\blx@tempcntb=\count435
\blx@tempcntc=\count436
\c@blx@maxsection=\count437
\blx@maxsegment@0=\count438
\blx@notetype=\count439
\blx@parenlevel@text=\count440
\blx@parenlevel@foot=\count441
\blx@sectionciteorder@0=\count442
\blx@sectionciteorderinternal@0=\count443
\blx@entrysetcounter=\count444
\blx@biblioinstance=\count445
\labelnumberwidth=\skip107
\labelalphawidth=\skip108
\biblabelsep=\skip109
\bibitemsep=\skip110
\bibnamesep=\skip111
\bibinitsep=\skip112
\bibparsep=\skip113
\bibhang=\skip114
\blx@bcfin=\read5
\blx@bcfout=\write4
\blx@langwohyphens=\language91
\c@mincomprange=\count446
\c@maxcomprange=\count447
\c@mincompwidth=\count448
Package biblatex Info: Trying to load biblatex default data model...
Package biblatex Info: ... file 'blx-dm.def' found.
 (/usr/share/texlive/texmf-dist/tex/latex/biblatex/blx-dm.def
File: blx-dm.def 2024/03/21 v3.20 biblatex datamodel (PK/MW)
)
Package biblatex Info: Trying to load biblatex style data model...
Package biblatex Info: ... file 'alphabetic.dbx' not found.
Package biblatex Info: Trying to load biblatex custom data model...
Package biblatex Info: ... file 'biblatex-dm.cfg' not found.
\c@afterword=\count449
\c@savedafterword=\count450
\c@annotator=\count451
\c@savedannotator=\count452
\c@author=\count453
\c@savedauthor=\count454
\c@bookauthor=\count455
\c@savedbookauthor=\count456
\c@commentator=\count457
\c@savedcommentator=\count458
\c@editor=\count459
\c@savededitor=\count460
\c@editora=\count461
\c@savededitora=\count462
\c@editorb=\count463
\c@savededitorb=\count464
\c@editorc=\count465
\c@savededitorc=\count466
\c@foreword=\count467
\c@savedforeword=\count468
\c@holder=\count469
\c@savedholder=\count470
\c@introduction=\count471
\c@savedintroduction=\count472
\c@namea=\count473
\c@savednamea=\count474
\c@nameb=\count475
\c@savednameb=\count476
\c@namec=\count477
\c@savednamec=\count478
\c@translator=\count479
\c@savedtranslator=\count480
\c@shortauthor=\count481
\c@savedshortauthor=\count482
\c@shorteditor=\count483
\c@savedshorteditor=\count484
\c@labelname=\count485
\c@savedlabelname=\count486
\c@institution=\count487
\c@savedinstitution=\count488
\c@lista=\count489
\c@savedlista=\count490
\c@listb=\count491
\c@savedlistb=\count492
\c@listc=\count493
\c@savedlistc=\count494
\c@listd=\count495
\c@savedlistd=\count496
\c@liste=\count497
\c@savedliste=\count498
\c@listf=\count499
\c@savedlistf=\count500
\c@location=\count501
\c@savedlocation=\count502
\c@organization=\count503
\c@savedorganization=\count504
\c@origlocation=\count505
\c@savedoriglocation=\count506
\c@origpublisher=\count507
\c@savedorigpublisher=\count508
\c@publisher=\count509
\c@savedpublisher=\count510
\c@language=\count511
\c@savedlanguage=\count512
\c@origlanguage=\count513
\c@savedoriglanguage=\count514
\c@pageref=\count515
\c@savedpageref=\count516
\shorthandwidth=\skip115
\shortjournalwidth=\skip116
\shortserieswidth=\skip117
\shorttitlewidth=\skip118
\shortauthorwidth=\skip119
\shorteditorwidth=\skip120
\locallabelnumberwidth=\skip121
\locallabelalphawidth=\skip122
\localshorthandwidth=\skip123
\localshortjournalwidth=\skip124
\localshortserieswidth=\skip125
\localshorttitlewidth=\skip126
\localshortauthorwidth=\skip127
\localshorteditorwidth=\skip128
Package biblatex Info: Trying to load compatibility code...
Package biblatex Info: ... file 'blx-compat.def' found.
 (/usr/share/texlive/texmf-dist/tex/latex/biblatex/blx-compat.def
File: blx-compat.def 2024/03/21 v3.20 biblatex compatibility (PK/MW)
)
Package biblatex Info: Trying to load generic definitions...
Package biblatex Info: ... file 'biblatex.def' found.
 (/usr/share/texlive/texmf-dist/tex/latex/biblatex/biblatex.def
File: biblatex.def 2024/03/21 v3.20 biblatex compatibility (PK/MW)
\c@textcitecount=\count517
\c@textcitetotal=\count518
\c@textcitemaxnames=\count519
\c@biburlbigbreakpenalty=\count520
\c@biburlbreakpenalty=\count521
\c@biburlnumpenalty=\count522
\c@biburlucpenalty=\count523
\c@biburllcpenalty=\count524
\biburlbigskip=\muskip19
\biburlnumskip=\muskip20
\biburlucskip=\muskip21
\biburllcskip=\muskip22
\c@smartand=\count525
)
Package biblatex Info: Trying to load bibliography style 'alphabetic'...
Package biblatex Info: ... file 'alphabetic.bbx' found.
 (/usr/share/texlive/texmf-dist/tex/latex/biblatex/bbx/alphabetic.bbx
File: alphabetic.bbx 2024/03/21 v3.20 biblatex bibliography style (PK/MW)
Package biblatex Info: Trying to load bibliography style 'standard'...
Package biblatex Info: ... file 'standard.bbx' found.
 (/usr/share/texlive/texmf-dist/tex/latex/biblatex/bbx/standard.bbx
File: standard.bbx 2024/03/21 v3.20 biblatex bibliography style (PK/MW)
\c@bbx:relatedcount=\count526
\c@bbx:relatedtotal=\count527
))
Package biblatex Info: Trying to load citation style 'alphabetic'...
Package biblatex Info: ... file 'alphabetic.cbx' found.
 (/usr/share/texlive/texmf-dist/tex/latex/biblatex/cbx/alphabetic.cbx
File: alphabetic.cbx 2024/03/21 v3.20 biblatex citation style (PK/MW)
Package biblatex Info: Redefining '\cite'.
Package biblatex Info: Redefining '\parencite'.
Package biblatex Info: Redefining '\footcite'.
Package biblatex Info: Redefining '\footcitetext'.
Package biblatex Info: Redefining '\smartcite'.
Package biblatex Info: Redefining '\textcite'.
Package biblatex Info: Redefining '\textcites'.
Package biblatex Info: Redefining '\cites'.
Package biblatex Info: Redefining '\parencites'.
Package biblatex Info: Redefining '\smartcites'.
)
Package biblatex Info: Trying to load configuration file...
Package biblatex Info: ... file 'biblatex.cfg' found.
 (/usr/share/texlive/texmf-dist/tex/latex/biblatex/biblatex.cfg
File: biblatex.cfg 
)
Package biblatex Info: Input encoding 'utf8' detected.
Package biblatex Info: Document encoding is UTF8 ....
Package biblatex Info: ... and expl3
(biblatex)             2025-01-18 L3 programming layer (loader) 
(biblatex)             is new enough (at least 2020/04/06),
(biblatex)             setting 'casechanger=expl3'.
 (/usr/share/texlive/texmf-dist/tex/latex/biblatex/blx-case-expl3.sty
Package: blx-case-expl3 2024/03/21 v3.20 expl3 case changing code for biblatex
))
Package biblatex Info: Delimiter 'nametitledelim' in context '' already defined, overwriting on input line 58.
) (./../00_LATdef/DocSettings.tex
\c@MsNr=\count528
 (/usr/share/texlive/texmf-dist/tex/latex/listings/lstlang1.sty
File: lstlang1.sty 2024/09/23 1.10c listings language file
) (/usr/share/texlive/texmf-dist/tex/latex/listings/lstmisc.sty
File: lstmisc.sty 2024/09/23 1.10c (Carsten Heinz)
)) (./DA_04_ACR.tex)

Package biblatex Warning: 'babel/polyglossia' detected but 'csquotes' missing.
(biblatex)                Loading 'csquotes' recommended.

\@quotelevel=\count529
\@quotereset=\count530
LaTeX Font Info:    Trying to load font information for T1+phv on input line 34.
(/usr/share/texlive/texmf-dist/tex/latex/psnfss/t1phv.fd
File: t1phv.fd 2020/03/25 scalable font definitions for T1/phv.
)
LaTeX Font Info:    Font shape `T1/phv/m/n' will be
(Font)              scaled to size 11.39996pt on input line 34.


LaTeX Warning: Unused global option(s):
    [xcolor].

(./DA_main.aux
\g__glossaries_gls_ref_acronym_int=\count531
)
\openout1 = `DA_main.aux'.

LaTeX Font Info:    Checking defaults for OML/cmm/m/it on input line 34.
LaTeX Font Info:    ... okay on input line 34.
LaTeX Font Info:    Checking defaults for OMS/cmsy/m/n on input line 34.
LaTeX Font Info:    ... okay on input line 34.
LaTeX Font Info:    Checking defaults for OT1/cmr/m/n on input line 34.
LaTeX Font Info:    ... okay on input line 34.
LaTeX Font Info:    Checking defaults for T1/cmr/m/n on input line 34.
LaTeX Font Info:    ... okay on input line 34.
LaTeX Font Info:    Checking defaults for TS1/cmr/m/n on input line 34.
LaTeX Font Info:    ... okay on input line 34.
LaTeX Font Info:    Checking defaults for OMX/cmex/m/n on input line 34.
LaTeX Font Info:    ... okay on input line 34.
LaTeX Font Info:    Checking defaults for U/cmr/m/n on input line 34.
LaTeX Font Info:    ... okay on input line 34.
LaTeX Font Info:    Checking defaults for PD1/pdf/m/n on input line 34.
LaTeX Font Info:    ... okay on input line 34.
LaTeX Font Info:    Checking defaults for PU/pdf/m/n on input line 34.
LaTeX Font Info:    ... okay on input line 34.
 (/usr/share/texlive/texmf-dist/tex/context/base/mkii/supp-pdf.mkii
[Loading MPS to PDF converter (version 2006.09.02).]
\scratchcounter=\count532
\scratchdimen=\dimen336
\scratchbox=\box101
\nofMPsegments=\count533
\nofMParguments=\count534
\everyMPshowfont=\toks66
\MPscratchCnt=\count535
\MPscratchDim=\dimen337
\MPnumerator=\count536
\makeMPintoPDFobject=\count537
\everyMPtoPDFconversion=\toks67
) (/usr/share/texlive/texmf-dist/tex/latex/epstopdf-pkg/epstopdf-base.sty
Package: epstopdf-base 2020-01-24 v2.11 Base part for package epstopdf
Package epstopdf-base Info: Redefining graphics rule for `.eps' on input line 485.
 (/usr/share/texlive/texmf-dist/tex/latex/latexconfig/epstopdf-sys.cfg
File: epstopdf-sys.cfg 2010/07/13 v1.3 Configuration of (r)epstopdf for TeX Live
))
Package caption Info: Begin \AtBeginDocument code.
Package caption Info: hyperref package is loaded.
Package caption Info: listings package is loaded.
Package caption Info: longtable package is loaded.
 (/usr/share/texlive/texmf-dist/tex/latex/caption/ltcaption.sty
Package: ltcaption 2021/01/08 v1.4c longtable captions (AR)
)
Package caption Info: sidecap package is loaded.
Package caption Info: supertabular package is loaded.
Package caption Info: End \AtBeginDocument code.
 (/usr/share/texlive/texmf-dist/tex/latex/ragged2e/ragged2e.sty
Package: ragged2e 2023/06/22 v3.6 ragged2e Package
\CenteringLeftskip=\skip129
\RaggedLeftLeftskip=\skip130
\RaggedRightLeftskip=\skip131
\CenteringRightskip=\skip132
\RaggedLeftRightskip=\skip133
\RaggedRightRightskip=\skip134
\CenteringParfillskip=\skip135
\RaggedLeftParfillskip=\skip136
\RaggedRightParfillskip=\skip137
\JustifyingParfillskip=\skip138
\CenteringParindent=\skip139
\RaggedLeftParindent=\skip140
\RaggedRightParindent=\skip141
\JustifyingParindent=\skip142
)
*geometry* driver: auto-detecting
*geometry* detected driver: pdftex
*geometry* verbose mode - [ preamble ] result:
* driver: pdftex
* paper: a4paper
* layout: <same size as paper>
* layoutoffset:(h,v)=(0.0pt,0.0pt)
* modes: 
* h-part:(L,W,R)=(89.62709pt, 418.25368pt, 89.6271pt)
* v-part:(T,H,B)=(101.40665pt, 591.5302pt, 152.11pt)
* \paperwidth=597.50787pt
* \paperheight=845.04684pt
* \textwidth=455.24408pt
* \textheight=660.10384pt
* \oddsidemargin=11.38092pt
* \evensidemargin=11.38092pt
* \topmargin=-48.36958pt
* \headheight=18.125pt
* \headsep=34.14322pt
* \topskip=12.0pt
* \footskip=30.0pt
* \marginparwidth=0.0pt
* \marginparsep=0.0pt
* \columnsep=10.0pt
* \skip\footins=10.8pt plus 4.0pt minus 2.0pt
* \hoffset=-12.0pt
* \voffset=0.0pt
* \mag=1000
* \@twocolumnfalse
* \@twosidefalse
* \@mparswitchfalse
* \@reversemarginfalse
* (1in=72.27pt=25.4mm, 1cm=28.453pt)

(/usr/share/texlive/texmf-dist/tex/latex/pdflscape/pdflscape.sty
Package: pdflscape 2022-10-27 v0.13 Display of landscape pages in PDF
 (/usr/share/texlive/texmf-dist/tex/latex/pdflscape/pdflscape-nometadata.sty
Package: pdflscape-nometadata 2022-10-28 v0.13 Display of landscape pages in PDF (HO)
 (/usr/share/texlive/texmf-dist/tex/latex/graphics/lscape.sty
Package: lscape 2020/05/28 v3.02 Landscape Pages (DPC)
)
Package pdflscape Info: Auto-detected driver: pdftex on input line 81.
))
\c@lstlisting=\count538
Package tocbasic Info: setting babel extension for `lol' on input line 34.
\scr@dte@lstlisting@maxnumwidth=\skip143
 (./DA_main.glsdefs

Package glossaries Warning: entry `ALPR' has already been defined in the preamble (if you have moved the definition there from the document environment, delete DA_main.glsdefs) on input line 27.


Package glossaries Warning: entry `API' has already been defined in the preamble (if you have moved the definition there from the document environment, delete DA_main.glsdefs) on input line 55.


Package glossaries Warning: entry `CICD' has already been defined in the preamble (if you have moved the definition there from the document environment, delete DA_main.glsdefs) on input line 83.


Package glossaries Warning: entry `CLI' has already been defined in the preamble (if you have moved the definition there from the document environment, delete DA_main.glsdefs) on input line 111.


Package glossaries Warning: entry `CRUD' has already been defined in the preamble (if you have moved the definition there from the document environment, delete DA_main.glsdefs) on input line 139.


Package glossaries Warning: entry `DA' has already been defined in the preamble (if you have moved the definition there from the document environment, delete DA_main.glsdefs) on input line 167.


Package glossaries Warning: entry `DSGVO' has already been defined in the preamble (if you have moved the definition there from the document environment, delete DA_main.glsdefs) on input line 195.


Package glossaries Warning: entry `DVA' has already been defined in the preamble (if you have moved the definition there from the document environment, delete DA_main.glsdefs) on input line 223.


Package glossaries Warning: entry `ER' has already been defined in the preamble (if you have moved the definition there from the document environment, delete DA_main.glsdefs) on input line 251.


Package glossaries Warning: entry `FPS' has already been defined in the preamble (if you have moved the definition there from the document environment, delete DA_main.glsdefs) on input line 279.


Package glossaries Warning: entry `GHCR' has already been defined in the preamble (if you have moved the definition there from the document environment, delete DA_main.glsdefs) on input line 307.


Package glossaries Warning: entry `GHG' has already been defined in the preamble (if you have moved the definition there from the document environment, delete DA_main.glsdefs) on input line 335.


Package glossaries Warning: entry `HTTP' has already been defined in the preamble (if you have moved the definition there from the document environment, delete DA_main.glsdefs) on input line 363.


Package glossaries Warning: entry `IP' has already been defined in the preamble (if you have moved the definition there from the document environment, delete DA_main.glsdefs) on input line 391.


Package glossaries Warning: entry `JWT' has already been defined in the preamble (if you have moved the definition there from the document environment, delete DA_main.glsdefs) on input line 419.


Package glossaries Warning: entry `LDAP' has already been defined in the preamble (if you have moved the definition there from the document environment, delete DA_main.glsdefs) on input line 447.


Package glossaries Warning: entry `MMC' has already been defined in the preamble (if you have moved the definition there from the document environment, delete DA_main.glsdefs) on input line 475.


Package glossaries Warning: entry `NAS' has already been defined in the preamble (if you have moved the definition there from the document environment, delete DA_main.glsdefs) on input line 503.


Package glossaries Warning: entry `NVR' has already been defined in the preamble (if you have moved the definition there from the document environment, delete DA_main.glsdefs) on input line 531.


Package glossaries Warning: entry `OCR' has already been defined in the preamble (if you have moved the definition there from the document environment, delete DA_main.glsdefs) on input line 559.


Package glossaries Warning: entry `PoE' has already been defined in the preamble (if you have moved the definition there from the document environment, delete DA_main.glsdefs) on input line 587.


Package glossaries Warning: entry `PoLP' has already been defined in the preamble (if you have moved the definition there from the document environment, delete DA_main.glsdefs) on input line 615.


Package glossaries Warning: entry `REST' has already been defined in the preamble (if you have moved the definition there from the document environment, delete DA_main.glsdefs) on input line 643.


Package glossaries Warning: entry `RPO' has already been defined in the preamble (if you have moved the definition there from the document environment, delete DA_main.glsdefs) on input line 671.


Package glossaries Warning: entry `RTSP' has already been defined in the preamble (if you have moved the definition there from the document environment, delete DA_main.glsdefs) on input line 699.


Package glossaries Warning: entry `RTO' has already been defined in the preamble (if you have moved the definition there from the document environment, delete DA_main.glsdefs) on input line 727.


Package glossaries Warning: entry `SDK' has already been defined in the preamble (if you have moved the definition there from the document environment, delete DA_main.glsdefs) on input line 755.


Package glossaries Warning: entry `SMTP' has already been defined in the preamble (if you have moved the definition there from the document environment, delete DA_main.glsdefs) on input line 783.


Package glossaries Warning: entry `SQL' has already been defined in the preamble (if you have moved the definition there from the document environment, delete DA_main.glsdefs) on input line 811.

)
Package hyperref Info: Link coloring OFF on input line 34.
 (./DA_main.out) (./DA_main.out)
\@outlinefile=\write5
\openout5 = `DA_main.out'.

Class scrartcl Info: loading recommended package `bookmark'.
(scrartcl)           Using `bookmark' together with `hyperref' is recommended,
(scrartcl)           because of handling of possible bookmark level gaps.
(scrartcl)           You can avoid loading `bookmark' with KOMA-Script option
(scrartcl)           `bookmarkpackage=false' before \begin{document} and
(scrartcl)           you can avoid this message adding:
(scrartcl)             \usepackage{bookmark}
(scrartcl)           before \begin{document} on input line 34.
 (/usr/share/texlive/texmf-dist/tex/latex/bookmark/bookmark.sty
Package: bookmark 2023-12-10 v1.31 PDF bookmarks (HO)
 (/usr/share/texlive/texmf-dist/tex/latex/bookmark/bkm-pdftex.def
File: bkm-pdftex.def 2023-12-10 v1.31 bookmark driver for pdfTeX and luaTeX (HO)
\BKM@id=\count539
))
Package biblatex Info: Trying to load language 'ngerman'...
Package biblatex Info: ... file 'ngerman.lbx' found.
 (/usr/share/texlive/texmf-dist/tex/latex/biblatex/lbx/ngerman.lbx
File: ngerman.lbx 2024/03/21 v3.20 biblatex localization (PK/MW)
Package biblatex Info: Trying to load language 'german'...
Package biblatex Info: ... file 'german.lbx' found.
 (/usr/share/texlive/texmf-dist/tex/latex/biblatex/lbx/german.lbx
File: german.lbx 2024/03/21 v3.20 biblatex localization (PK/MW)
)
Package biblatex Info: Trying to load language 'german'...
Package biblatex Info: ... file 'german.lbx' found.
 (/usr/share/texlive/texmf-dist/tex/latex/biblatex/lbx/german.lbx
File: german.lbx 2024/03/21 v3.20 biblatex localization (PK/MW)
))
Package biblatex Info: Input encoding 'utf8' detected.
Package biblatex Info: Automatic encoding selection.
(biblatex)             Assuming data encoding 'utf8'.
\openout4 = `DA_main.bcf'.

Package biblatex Info: Trying to load bibliographic data...
Package biblatex Info: ... file 'DA_main.bbl' found.
 (./DA_main.bbl)
Package biblatex Info: Reference section=0 on input line 34.
Package biblatex Info: Reference segment=0 on input line 34.
\docmute@nestinglevel=\count540
 (./DA_01_INTroduction.tex
LaTeX Font Info:    Trying to load font information for U+msa on input line 7.
 (/usr/share/texlive/texmf-dist/tex/latex/amsfonts/umsa.fd
File: umsa.fd 2013/01/14 v3.01 AMS symbols A
)
LaTeX Font Info:    Trying to load font information for U+msb on input line 7.
 (/usr/share/texlive/texmf-dist/tex/latex/amsfonts/umsb.fd
File: umsb.fd 2013/01/14 v3.01 AMS symbols B
)
LaTeX Font Info:    Font shape `T1/phv/b/n' will be
(Font)              scaled to size 11.39996pt on input line 11.
LaTeX Font Info:    Font shape `T1/phv/m/n' will be
(Font)              scaled to size 19.70294pt on input line 15.
LaTeX Font Info:    Font shape `T1/phv/b/n' will be
(Font)              scaled to size 19.70294pt on input line 15.

Overfull \hbox (7.54724pt too wide) in paragraph at lines 25--38
[][] 
 []



<./../03_AUX/01_PICT/../../03_AUX/01_PICT/HTL-Weiz-Logo.pdf, id=43, 1008.76857pt x 434.58893pt>
File: ./../03_AUX/01_PICT/../../03_AUX/01_PICT/HTL-Weiz-Logo.pdf Graphic file (type pdf)
<use ./../03_AUX/01_PICT/../../03_AUX/01_PICT/HTL-Weiz-Logo.pdf>
Package pdftex.def Info: ./../03_AUX/01_PICT/../../03_AUX/01_PICT/HTL-Weiz-Logo.pdf  used on input line 39.
(pdftex.def)             Requested size: 91.04742pt x 39.22404pt.
LaTeX Font Info:    Font shape `T1/phv/m/n' will be
(Font)              scaled to size 10.40245pt on input line 39.
LaTeX Font Info:    Font shape `T1/phv/b/n' will be
(Font)              scaled to size 10.40245pt on input line 39.
LaTeX Font Info:    Font shape `T1/phv/m/n' will be
(Font)              scaled to size 9.49997pt on input line 39.
LaTeX Font Info:    Font shape `T1/phv/b/n' will be
(Font)              scaled to size 9.49997pt on input line 39.
<./../03_AUX/01_PICT/../../03_AUX/01_PICT/HTL-Weiz-IT-Logo.png, id=44, 250.9375pt x 250.9375pt>
File: ./../03_AUX/01_PICT/../../03_AUX/01_PICT/HTL-Weiz-IT-Logo.png Graphic file (type png)
<use ./../03_AUX/01_PICT/../../03_AUX/01_PICT/HTL-Weiz-IT-Logo.png>
Package pdftex.def Info: ./../03_AUX/01_PICT/../../03_AUX/01_PICT/HTL-Weiz-IT-Logo.png  used on input line 39.
(pdftex.def)             Requested size: 54.62706pt x 54.6244pt.

Package fancyhdr Warning: \headheight is too small (18.125pt): 
(fancyhdr)                Make it at least 64.66498pt, for example:
(fancyhdr)                \setlength{\headheight}{64.66498pt}.
(fancyhdr)                You might also make \topmargin smaller:
(fancyhdr)                \addtolength{\topmargin}{-46.53998pt}.

[1{/var/lib/texmf/fonts/map/pdftex/updmap/pdftex.map}{/usr/share/texlive/texmf-dist/fonts/enc/dvips/base/8r.enc}

 <./../03_AUX/01_PICT/../../03_AUX/01_PICT/HTL-Weiz-Logo.pdf> <./../03_AUX/01_PICT/../../03_AUX/01_PICT/HTL-Weiz-IT-Logo.png>]
LaTeX Font Info:    Font shape `T1/phv/b/n' will be
(Font)              scaled to size 16.41594pt on input line 47.

Underfull \hbox (badness 10000) in paragraph at lines 50--53

 []



File: ./../03_AUX/01_PICT/../../03_AUX/01_PICT/HTL-Weiz-Logo.pdf Graphic file (type pdf)
<use ./../03_AUX/01_PICT/../../03_AUX/01_PICT/HTL-Weiz-Logo.pdf>
Package pdftex.def Info: ./../03_AUX/01_PICT/../../03_AUX/01_PICT/HTL-Weiz-Logo.pdf  used on input line 60.
(pdftex.def)             Requested size: 91.04742pt x 39.22404pt.
File: ./../03_AUX/01_PICT/../../03_AUX/01_PICT/HTL-Weiz-IT-Logo.png Graphic file (type png)
<use ./../03_AUX/01_PICT/../../03_AUX/01_PICT/HTL-Weiz-IT-Logo.png>
Package pdftex.def Info: ./../03_AUX/01_PICT/../../03_AUX/01_PICT/HTL-Weiz-IT-Logo.png  used on input line 60.
(pdftex.def)             Requested size: 54.62706pt x 54.6244pt.

Package fancyhdr Warning: \headheight is too small (18.125pt): 
(fancyhdr)                Make it at least 64.66498pt, for example:
(fancyhdr)                \setlength{\headheight}{64.66498pt}.
(fancyhdr)                You might also make \topmargin smaller:
(fancyhdr)                \addtolength{\topmargin}{-46.53998pt}.

[2]

File: ./../03_AUX/01_PICT/../../03_AUX/01_PICT/HTL-Weiz-Logo.pdf Graphic file (type pdf)
<use ./../03_AUX/01_PICT/../../03_AUX/01_PICT/HTL-Weiz-Logo.pdf>
Package pdftex.def Info: ./../03_AUX/01_PICT/../../03_AUX/01_PICT/HTL-Weiz-Logo.pdf  used on input line 77.
(pdftex.def)             Requested size: 91.04742pt x 39.22404pt.
File: ./../03_AUX/01_PICT/../../03_AUX/01_PICT/HTL-Weiz-IT-Logo.png Graphic file (type png)
<use ./../03_AUX/01_PICT/../../03_AUX/01_PICT/HTL-Weiz-IT-Logo.png>
Package pdftex.def Info: ./../03_AUX/01_PICT/../../03_AUX/01_PICT/HTL-Weiz-IT-Logo.png  used on input line 77.
(pdftex.def)             Requested size: 54.62706pt x 54.6244pt.

Package fancyhdr Warning: \headheight is too small (18.125pt): 
(fancyhdr)                Make it at least 64.66498pt, for example:
(fancyhdr)                \setlength{\headheight}{64.66498pt}.
(fancyhdr)                You might also make \topmargin smaller:
(fancyhdr)                \addtolength{\topmargin}{-46.53998pt}.

[3]

File: ./../03_AUX/01_PICT/../../03_AUX/01_PICT/HTL-Weiz-Logo.pdf Graphic file (type pdf)
<use ./../03_AUX/01_PICT/../../03_AUX/01_PICT/HTL-Weiz-Logo.pdf>
Package pdftex.def Info: ./../03_AUX/01_PICT/../../03_AUX/01_PICT/HTL-Weiz-Logo.pdf  used on input line 94.
(pdftex.def)             Requested size: 91.04742pt x 39.22404pt.
File: ./../03_AUX/01_PICT/../../03_AUX/01_PICT/HTL-Weiz-IT-Logo.png Graphic file (type png)
<use ./../03_AUX/01_PICT/../../03_AUX/01_PICT/HTL-Weiz-IT-Logo.png>
Package pdftex.def Info: ./../03_AUX/01_PICT/../../03_AUX/01_PICT/HTL-Weiz-IT-Logo.png  used on input line 94.
(pdftex.def)             Requested size: 54.62706pt x 54.6244pt.

Package fancyhdr Warning: \headheight is too small (18.125pt): 
(fancyhdr)                Make it at least 64.66498pt, for example:
(fancyhdr)                \setlength{\headheight}{64.66498pt}.
(fancyhdr)                You might also make \topmargin smaller:
(fancyhdr)                \addtolength{\topmargin}{-46.53998pt}.

[4]

File: ./../03_AUX/01_PICT/../../03_AUX/01_PICT/HTL-Weiz-Logo.pdf Graphic file (type pdf)
<use ./../03_AUX/01_PICT/../../03_AUX/01_PICT/HTL-Weiz-Logo.pdf>
Package pdftex.def Info: ./../03_AUX/01_PICT/../../03_AUX/01_PICT/HTL-Weiz-Logo.pdf  used on input line 127.
(pdftex.def)             Requested size: 91.04742pt x 39.22404pt.
File: ./../03_AUX/01_PICT/../../03_AUX/01_PICT/HTL-Weiz-IT-Logo.png Graphic file (type png)
<use ./../03_AUX/01_PICT/../../03_AUX/01_PICT/HTL-Weiz-IT-Logo.png>
Package pdftex.def Info: ./../03_AUX/01_PICT/../../03_AUX/01_PICT/HTL-Weiz-IT-Logo.png  used on input line 127.
(pdftex.def)             Requested size: 54.62706pt x 54.6244pt.

Package fancyhdr Warning: \headheight is too small (18.125pt): 
(fancyhdr)                Make it at least 64.66498pt, for example:
(fancyhdr)                \setlength{\headheight}{64.66498pt}.
(fancyhdr)                You might also make \topmargin smaller:
(fancyhdr)                \addtolength{\topmargin}{-46.53998pt}.

[5] (./DA_main.toc

<./../03_AUX/01_PICT///HTL_logo.pdf, id=124, 1008.76857pt x 434.58893pt>
File: ./../03_AUX/01_PICT///HTL_logo.pdf Graphic file (type pdf)
<use ./../03_AUX/01_PICT///HTL_logo.pdf>
Package pdftex.def Info: ./../03_AUX/01_PICT///HTL_logo.pdf  used on input line 58.
(pdftex.def)             Requested size: 70.621pt x 30.42433pt.

Package fancyhdr Warning: \headheight is too small (18.125pt): 
(fancyhdr)                Make it at least 34.77437pt, for example:
(fancyhdr)                \setlength{\headheight}{34.77437pt}.
(fancyhdr)                You might also make \topmargin smaller:
(fancyhdr)                \addtolength{\topmargin}{-16.64937pt}.

[6 <./../03_AUX/01_PICT///HTL_logo.pdf>]

File: ./../03_AUX/01_PICT///HTL_logo.pdf Graphic file (type pdf)
<use ./../03_AUX/01_PICT///HTL_logo.pdf>
Package pdftex.def Info: ./../03_AUX/01_PICT///HTL_logo.pdf  used on input line 109.
(pdftex.def)             Requested size: 70.621pt x 30.42433pt.

Package fancyhdr Warning: \headheight is too small (18.125pt): 
(fancyhdr)                Make it at least 34.77437pt, for example:
(fancyhdr)                \setlength{\headheight}{34.77437pt}.
(fancyhdr)                You might also make \topmargin smaller:
(fancyhdr)                \addtolength{\topmargin}{-16.64937pt}.

[7])
\tf@toc=\write6
\openout6 = `DA_main.toc'.

)

File: ./../03_AUX/01_PICT///HTL_logo.pdf Graphic file (type pdf)
<use ./../03_AUX/01_PICT///HTL_logo.pdf>
Package pdftex.def Info: ./../03_AUX/01_PICT///HTL_logo.pdf  used on input line 37.
(pdftex.def)             Requested size: 70.621pt x 30.42433pt.

Package fancyhdr Warning: \headheight is too small (18.125pt): 
(fancyhdr)                Make it at least 34.77437pt, for example:
(fancyhdr)                \setlength{\headheight}{34.77437pt}.
(fancyhdr)                You might also make \topmargin smaller:
(fancyhdr)                \addtolength{\topmargin}{-16.64937pt}.

[8] (./../02a_DOC_DPL1/DA_Diplomand_1.tex (./../02a_DOC_DPL1/kap_01_einleitung.tex
LaTeX Font Info:    Font shape `T1/phv/b/n' will be
(Font)              scaled to size 13.67995pt on input line 5.
LaTeX Font Info:    Trying to load font information for TS1+phv on input line 25.
 (/usr/share/texlive/texmf-dist/tex/latex/psnfss/ts1phv.fd
File: ts1phv.fd 2020/03/25 scalable font definitions for TS1/phv.
)
LaTeX Font Info:    Font shape `TS1/phv/m/n' will be
(Font)              scaled to size 11.39996pt on input line 25.


File: ./../03_AUX/01_PICT///HTL_logo.pdf Graphic file (type pdf)
<use ./../03_AUX/01_PICT///HTL_logo.pdf>
Package pdftex.def Info: ./../03_AUX/01_PICT///HTL_logo.pdf  used on input line 30.
(pdftex.def)             Requested size: 70.621pt x 30.42433pt.

Package fancyhdr Warning: \headheight is too small (18.125pt): 
(fancyhdr)                Make it at least 34.77437pt, for example:
(fancyhdr)                \setlength{\headheight}{34.77437pt}.
(fancyhdr)                You might also make \topmargin smaller:
(fancyhdr)                \addtolength{\topmargin}{-16.64937pt}.

[9]

File: ./../03_AUX/01_PICT///HTL_logo.pdf Graphic file (type pdf)
<use ./../03_AUX/01_PICT///HTL_logo.pdf>
Package pdftex.def Info: ./../03_AUX/01_PICT///HTL_logo.pdf  used on input line 66.
(pdftex.def)             Requested size: 70.621pt x 30.42433pt.

Package fancyhdr Warning: \headheight is too small (18.125pt): 
(fancyhdr)                Make it at least 34.77437pt, for example:
(fancyhdr)                \setlength{\headheight}{34.77437pt}.
(fancyhdr)                You might also make \topmargin smaller:
(fancyhdr)                \addtolength{\topmargin}{-16.64937pt}.

[10])

File: ./../03_AUX/01_PICT///HTL_logo.pdf Graphic file (type pdf)
<use ./../03_AUX/01_PICT///HTL_logo.pdf>
Package pdftex.def Info: ./../03_AUX/01_PICT///HTL_logo.pdf  used on input line 27.
(pdftex.def)             Requested size: 70.621pt x 30.42433pt.

Package fancyhdr Warning: \headheight is too small (18.125pt): 
(fancyhdr)                Make it at least 34.77437pt, for example:
(fancyhdr)                \setlength{\headheight}{34.77437pt}.
(fancyhdr)                You might also make \topmargin smaller:
(fancyhdr)                \addtolength{\topmargin}{-16.64937pt}.

[11] (./../02a_DOC_DPL1/kap_02_theoretische_grundlagen.tex
<./../03_AUX/01_PICT/docker-logo-blue.png, id=322, 2342.9934pt x 533.1117pt>
File: ./../03_AUX/01_PICT/docker-logo-blue.png Graphic file (type png)
<use ./../03_AUX/01_PICT/docker-logo-blue.png>
Package pdftex.def Info: ./../03_AUX/01_PICT/docker-logo-blue.png  used on input line 17.
(pdftex.def)             Requested size: 199.16928pt x 45.30981pt.


File: ./../03_AUX/01_PICT///HTL_logo.pdf Graphic file (type pdf)
<use ./../03_AUX/01_PICT///HTL_logo.pdf>
Package pdftex.def Info: ./../03_AUX/01_PICT///HTL_logo.pdf  used on input line 36.
(pdftex.def)             Requested size: 70.621pt x 30.42433pt.

Package fancyhdr Warning: \headheight is too small (18.125pt): 
(fancyhdr)                Make it at least 34.77437pt, for example:
(fancyhdr)                \setlength{\headheight}{34.77437pt}.
(fancyhdr)                You might also make \topmargin smaller:
(fancyhdr)                \addtolength{\topmargin}{-16.64937pt}.

[12{/usr/share/texmf/fonts/enc/dvips/cm-super/cm-super-t1.enc} <./../03_AUX/01_PICT/docker-logo-blue.png>]
Overfull \hbox (14.16734pt too wide) in paragraph at lines 54--60
\T1/phv/m/n/12 Docker Com-po-se ist ein Tool zur De-fi-ni-ti-on und Ver-wal-tung von Multi-Container-Anwendungen.
 []



File: ./../03_AUX/01_PICT///HTL_logo.pdf Graphic file (type pdf)
<use ./../03_AUX/01_PICT///HTL_logo.pdf>
Package pdftex.def Info: ./../03_AUX/01_PICT///HTL_logo.pdf  used on input line 60.
(pdftex.def)             Requested size: 70.621pt x 30.42433pt.

Package fancyhdr Warning: \headheight is too small (18.125pt): 
(fancyhdr)                Make it at least 34.77437pt, for example:
(fancyhdr)                \setlength{\headheight}{34.77437pt}.
(fancyhdr)                You might also make \topmargin smaller:
(fancyhdr)                \addtolength{\topmargin}{-16.64937pt}.

[13]

File: ./../03_AUX/01_PICT///HTL_logo.pdf Graphic file (type pdf)
<use ./../03_AUX/01_PICT///HTL_logo.pdf>
Package pdftex.def Info: ./../03_AUX/01_PICT///HTL_logo.pdf  used on input line 82.
(pdftex.def)             Requested size: 70.621pt x 30.42433pt.

Package fancyhdr Warning: \headheight is too small (18.125pt): 
(fancyhdr)                Make it at least 34.77437pt, for example:
(fancyhdr)                \setlength{\headheight}{34.77437pt}.
(fancyhdr)                You might also make \topmargin smaller:
(fancyhdr)                \addtolength{\topmargin}{-16.64937pt}.

[14]

File: ./../03_AUX/01_PICT///HTL_logo.pdf Graphic file (type pdf)
<use ./../03_AUX/01_PICT///HTL_logo.pdf>
Package pdftex.def Info: ./../03_AUX/01_PICT///HTL_logo.pdf  used on input line 108.
(pdftex.def)             Requested size: 70.621pt x 30.42433pt.

Package fancyhdr Warning: \headheight is too small (18.125pt): 
(fancyhdr)                Make it at least 34.77437pt, for example:
(fancyhdr)                \setlength{\headheight}{34.77437pt}.
(fancyhdr)                You might also make \topmargin smaller:
(fancyhdr)                \addtolength{\topmargin}{-16.64937pt}.

[15]
Overfull \hbox (26.70863pt too wide) in paragraph at lines 134--137
\T1/phv/m/n/12 der Plau-si-bi-li-tät der er-kann-ten Num-mern-ta-fel. Auch wer-den ty-pi-sche OCR-Verwechslungen
 []


Overfull \hbox (3.7028pt too wide) in paragraph at lines 140--141
\T1/phv/m/n/12 In die-sem Sys-tem wird der Dienst Pla-te Re-co-gni-zer ein-ge-setzt, der mo-der-ne De-ep Learning-
 []



File: ./../03_AUX/01_PICT///HTL_logo.pdf Graphic file (type pdf)
<use ./../03_AUX/01_PICT///HTL_logo.pdf>
Package pdftex.def Info: ./../03_AUX/01_PICT///HTL_logo.pdf  used on input line 141.
(pdftex.def)             Requested size: 70.621pt x 30.42433pt.

Package fancyhdr Warning: \headheight is too small (18.125pt): 
(fancyhdr)                Make it at least 34.77437pt, for example:
(fancyhdr)                \setlength{\headheight}{34.77437pt}.
(fancyhdr)                You might also make \topmargin smaller:
(fancyhdr)                \addtolength{\topmargin}{-16.64937pt}.

[16]
Overfull \hbox (4.07765pt too wide) in paragraph at lines 146--147
[]\T1/phv/b/n/12 Make (Mar-ke): \T1/phv/m/n/12 Iden-ti-fi-ka-ti-on des Fahr-zeugher-stel-lers ba-sie-rend auf cha-rak-te-ris-ti-schen
 []

)

File: ./../03_AUX/01_PICT///HTL_logo.pdf Graphic file (type pdf)
<use ./../03_AUX/01_PICT///HTL_logo.pdf>
Package pdftex.def Info: ./../03_AUX/01_PICT///HTL_logo.pdf  used on input line 31.
(pdftex.def)             Requested size: 70.621pt x 30.42433pt.

Package fancyhdr Warning: \headheight is too small (18.125pt): 
(fancyhdr)                Make it at least 34.77437pt, for example:
(fancyhdr)                \setlength{\headheight}{34.77437pt}.
(fancyhdr)                You might also make \topmargin smaller:
(fancyhdr)                \addtolength{\topmargin}{-16.64937pt}.

[17] (./../02a_DOC_DPL1/kap_03_hardware_technologie.tex
<./../03_AUX/01_PICT/zotter.png, id=406, 1541.76pt x 763.35187pt>
File: ./../03_AUX/01_PICT/zotter.png Graphic file (type png)
<use ./../03_AUX/01_PICT/zotter.png>
Package pdftex.def Info: ./../03_AUX/01_PICT/zotter.png  used on input line 25.
(pdftex.def)             Requested size: 455.24408pt x 225.3965pt.

Overfull \hbox (17.67874pt too wide) in paragraph at lines 31--35
\T1/phv/m/n/12 re-du-ziert zwar den In-stal-la-ti-ons-auf-wand der Hard-wa-re, er-höht je-doch die Software-Komplexität,
 []



File: ./../03_AUX/01_PICT///HTL_logo.pdf Graphic file (type pdf)
<use ./../03_AUX/01_PICT///HTL_logo.pdf>
Package pdftex.def Info: ./../03_AUX/01_PICT///HTL_logo.pdf  used on input line 44.
(pdftex.def)             Requested size: 70.621pt x 30.42433pt.

Package fancyhdr Warning: \headheight is too small (18.125pt): 
(fancyhdr)                Make it at least 34.77437pt, for example:
(fancyhdr)                \setlength{\headheight}{34.77437pt}.
(fancyhdr)                You might also make \topmargin smaller:
(fancyhdr)                \addtolength{\topmargin}{-16.64937pt}.

[18]

File: ./../03_AUX/01_PICT///HTL_logo.pdf Graphic file (type pdf)
<use ./../03_AUX/01_PICT///HTL_logo.pdf>
Package pdftex.def Info: ./../03_AUX/01_PICT///HTL_logo.pdf  used on input line 61.
(pdftex.def)             Requested size: 70.621pt x 30.42433pt.

Package fancyhdr Warning: \headheight is too small (18.125pt): 
(fancyhdr)                Make it at least 34.77437pt, for example:
(fancyhdr)                \setlength{\headheight}{34.77437pt}.
(fancyhdr)                You might also make \topmargin smaller:
(fancyhdr)                \addtolength{\topmargin}{-16.64937pt}.

[19 <./../03_AUX/01_PICT/zotter.png>]
<./../03_AUX/01_PICT/synology_bc500.png, id=434, 722.7pt x 445.665pt>
File: ./../03_AUX/01_PICT/synology_bc500.png Graphic file (type png)
<use ./../03_AUX/01_PICT/synology_bc500.png>
Package pdftex.def Info: ./../03_AUX/01_PICT/synology_bc500.png  used on input line 68.
(pdftex.def)             Requested size: 170.71652pt x 105.2753pt.
<./../03_AUX/01_PICT/zotter-markup.png, id=437, 2055.68pt x 1005.7575pt>
File: ./../03_AUX/01_PICT/zotter-markup.png Graphic file (type png)
<use ./../03_AUX/01_PICT/zotter-markup.png>
Package pdftex.def Info: ./../03_AUX/01_PICT/zotter-markup.png  used on input line 86.
(pdftex.def)             Requested size: 455.24408pt x 222.72527pt.


File: ./../03_AUX/01_PICT///HTL_logo.pdf Graphic file (type pdf)
<use ./../03_AUX/01_PICT///HTL_logo.pdf>
Package pdftex.def Info: ./../03_AUX/01_PICT///HTL_logo.pdf  used on input line 98.
(pdftex.def)             Requested size: 70.621pt x 30.42433pt.

Package fancyhdr Warning: \headheight is too small (18.125pt): 
(fancyhdr)                Make it at least 34.77437pt, for example:
(fancyhdr)                \setlength{\headheight}{34.77437pt}.
(fancyhdr)                You might also make \topmargin smaller:
(fancyhdr)                \addtolength{\topmargin}{-16.64937pt}.

[20 <./../03_AUX/01_PICT/synology_bc500.png>]

File: ./../03_AUX/01_PICT///HTL_logo.pdf Graphic file (type pdf)
<use ./../03_AUX/01_PICT///HTL_logo.pdf>
Package pdftex.def Info: ./../03_AUX/01_PICT///HTL_logo.pdf  used on input line 114.
(pdftex.def)             Requested size: 70.621pt x 30.42433pt.

Package fancyhdr Warning: \headheight is too small (18.125pt): 
(fancyhdr)                Make it at least 34.77437pt, for example:
(fancyhdr)                \setlength{\headheight}{34.77437pt}.
(fancyhdr)                You might also make \topmargin smaller:
(fancyhdr)                \addtolength{\topmargin}{-16.64937pt}.

[21 <./../03_AUX/01_PICT/zotter-markup.png>]
<./../03_AUX/01_PICT/synology_dva1622.png, id=468, 652.4375pt x 454.69875pt>
File: ./../03_AUX/01_PICT/synology_dva1622.png Graphic file (type png)
<use ./../03_AUX/01_PICT/synology_dva1622.png>
Package pdftex.def Info: ./../03_AUX/01_PICT/synology_dva1622.png  used on input line 128.
(pdftex.def)             Requested size: 170.71652pt x 118.97513pt.

Overfull \hbox (13.24307pt too wide) in paragraph at lines 134--139
[]\T1/phv/m/n/12 Zunächst bie-tet die Sur-veil-lan-ce Sta-ti-on API Zu-griff auf Live-Streams, Snaps-hots und Ereignis-
 []



File: ./../03_AUX/01_PICT///HTL_logo.pdf Graphic file (type pdf)
<use ./../03_AUX/01_PICT///HTL_logo.pdf>
Package pdftex.def Info: ./../03_AUX/01_PICT///HTL_logo.pdf  used on input line 139.
(pdftex.def)             Requested size: 70.621pt x 30.42433pt.

Package fancyhdr Warning: \headheight is too small (18.125pt): 
(fancyhdr)                Make it at least 34.77437pt, for example:
(fancyhdr)                \setlength{\headheight}{34.77437pt}.
(fancyhdr)                You might also make \topmargin smaller:
(fancyhdr)                \addtolength{\topmargin}{-16.64937pt}.

[22 <./../03_AUX/01_PICT/synology_dva1622.png>]
Overfull \hbox (16.54964pt too wide) in paragraph at lines 140--141
[]\T1/phv/m/n/12 Die Kom-bi-na-ti-on aus re-le-van-ten Fea-tu-res, um-fas-sen-der API und na-ti-ver Kamera-Unterstützung
 []



File: ./../03_AUX/01_PICT///HTL_logo.pdf Graphic file (type pdf)
<use ./../03_AUX/01_PICT///HTL_logo.pdf>
Package pdftex.def Info: ./../03_AUX/01_PICT///HTL_logo.pdf  used on input line 166.
(pdftex.def)             Requested size: 70.621pt x 30.42433pt.

Package fancyhdr Warning: \headheight is too small (18.125pt): 
(fancyhdr)                Make it at least 34.77437pt, for example:
(fancyhdr)                \setlength{\headheight}{34.77437pt}.
(fancyhdr)                You might also make \topmargin smaller:
(fancyhdr)                \addtolength{\topmargin}{-16.64937pt}.

[23]
Overfull \hbox (24.45471pt too wide) in paragraph at lines 178--181
\T1/phv/m/n/12 API/S-wag-ger ge-ne-riert. Im Ver-gleich zu Flask, dem ver-mut-lich be-kann-tes-ten Python-Framework,
 []

)

File: ./../03_AUX/01_PICT///HTL_logo.pdf Graphic file (type pdf)
<use ./../03_AUX/01_PICT///HTL_logo.pdf>
Package pdftex.def Info: ./../03_AUX/01_PICT///HTL_logo.pdf  used on input line 35.
(pdftex.def)             Requested size: 70.621pt x 30.42433pt.

Package fancyhdr Warning: \headheight is too small (18.125pt): 
(fancyhdr)                Make it at least 34.77437pt, for example:
(fancyhdr)                \setlength{\headheight}{34.77437pt}.
(fancyhdr)                You might also make \topmargin smaller:
(fancyhdr)                \addtolength{\topmargin}{-16.64937pt}.

[24]

File: ./../03_AUX/01_PICT///HTL_logo.pdf Graphic file (type pdf)
<use ./../03_AUX/01_PICT///HTL_logo.pdf>
Package pdftex.def Info: ./../03_AUX/01_PICT///HTL_logo.pdf  used on input line 35.
(pdftex.def)             Requested size: 70.621pt x 30.42433pt.

Package fancyhdr Warning: \headheight is too small (18.125pt): 
(fancyhdr)                Make it at least 34.77437pt, for example:
(fancyhdr)                \setlength{\headheight}{34.77437pt}.
(fancyhdr)                You might also make \topmargin smaller:
(fancyhdr)                \addtolength{\topmargin}{-16.64937pt}.

[25] (./../02a_DOC_DPL1/kap_04_systementwurf_architektur.tex
<./../03_AUX/01_PICT/architektur.png, id=526, 1377.145pt x 531.9875pt>
File: ./../03_AUX/01_PICT/architektur.png Graphic file (type png)
<use ./../03_AUX/01_PICT/architektur.png>
Package pdftex.def Info: ./../03_AUX/01_PICT/architektur.png  used on input line 22.
(pdftex.def)             Requested size: 455.24408pt x 175.85677pt.


File: ./../03_AUX/01_PICT///HTL_logo.pdf Graphic file (type pdf)
<use ./../03_AUX/01_PICT///HTL_logo.pdf>
Package pdftex.def Info: ./../03_AUX/01_PICT///HTL_logo.pdf  used on input line 31.
(pdftex.def)             Requested size: 70.621pt x 30.42433pt.

Package fancyhdr Warning: \headheight is too small (18.125pt): 
(fancyhdr)                Make it at least 34.77437pt, for example:
(fancyhdr)                \setlength{\headheight}{34.77437pt}.
(fancyhdr)                You might also make \topmargin smaller:
(fancyhdr)                \addtolength{\topmargin}{-16.64937pt}.

[26 <./../03_AUX/01_PICT/architektur.png>]
Overfull \hbox (12.64464pt too wide) in paragraph at lines 35--38
\T1/phv/m/n/12 FastAPI-Framework. Der Da-ta Col-lec-ti-on Ser-vice nimmt als Herz-stück des Sys-tems Webhook-
 []



File: ./../03_AUX/01_PICT///HTL_logo.pdf Graphic file (type pdf)
<use ./../03_AUX/01_PICT///HTL_logo.pdf>
Package pdftex.def Info: ./../03_AUX/01_PICT///HTL_logo.pdf  used on input line 62.
(pdftex.def)             Requested size: 70.621pt x 30.42433pt.

Package fancyhdr Warning: \headheight is too small (18.125pt): 
(fancyhdr)                Make it at least 34.77437pt, for example:
(fancyhdr)                \setlength{\headheight}{34.77437pt}.
(fancyhdr)                You might also make \topmargin smaller:
(fancyhdr)                \addtolength{\topmargin}{-16.64937pt}.

[27]
<./../03_AUX/01_PICT/trigger_for_data_collection.png, id=545, 3013.2575pt x 411.5375pt>
File: ./../03_AUX/01_PICT/trigger_for_data_collection.png Graphic file (type png)
<use ./../03_AUX/01_PICT/trigger_for_data_collection.png>
Package pdftex.def Info: ./../03_AUX/01_PICT/trigger_for_data_collection.png  used on input line 74.
(pdftex.def)             Requested size: 364.19664pt x 49.7403pt.

Overfull \hbox (2.84688pt too wide) in paragraph at lines 79--80
\T1/phv/m/n/12 Die Syn-o-lo-gy Sur-veil-lan-ce Sta-ti-on ruft bei Er-ken-nung ei-ner Fahr-zeug-be-we-gung einen REST-
 []

<./../03_AUX/01_PICT/data_collection_to_synology.png, id=546, 2931.95375pt x 496.85625pt>
File: ./../03_AUX/01_PICT/data_collection_to_synology.png Graphic file (type png)
<use ./../03_AUX/01_PICT/data_collection_to_synology.png>
Package pdftex.def Info: ./../03_AUX/01_PICT/data_collection_to_synology.png  used on input line 85.
(pdftex.def)             Requested size: 364.19664pt x 61.71263pt.
<./../03_AUX/01_PICT/data_collection_to_plate_recognizer.png, id=547, 3208.98875pt x 496.85625pt>
File: ./../03_AUX/01_PICT/data_collection_to_plate_recognizer.png Graphic file (type png)
<use ./../03_AUX/01_PICT/data_collection_to_plate_recognizer.png>
Package pdftex.def Info: ./../03_AUX/01_PICT/data_collection_to_plate_recognizer.png  used on input line 96.
(pdftex.def)             Requested size: 364.19664pt x 56.3829pt.
<./../03_AUX/01_PICT/data_collection_to_db.png, id=548, 2825.55624pt x 474.77374pt>
File: ./../03_AUX/01_PICT/data_collection_to_db.png Graphic file (type png)
<use ./../03_AUX/01_PICT/data_collection_to_db.png>
Package pdftex.def Info: ./../03_AUX/01_PICT/data_collection_to_db.png  used on input line 107.
(pdftex.def)             Requested size: 364.19664pt x 61.19391pt.


File: ./../03_AUX/01_PICT///HTL_logo.pdf Graphic file (type pdf)
<use ./../03_AUX/01_PICT///HTL_logo.pdf>
Package pdftex.def Info: ./../03_AUX/01_PICT///HTL_logo.pdf  used on input line 115.
(pdftex.def)             Requested size: 70.621pt x 30.42433pt.

Package fancyhdr Warning: \headheight is too small (18.125pt): 
(fancyhdr)                Make it at least 34.77437pt, for example:
(fancyhdr)                \setlength{\headheight}{34.77437pt}.
(fancyhdr)                You might also make \topmargin smaller:
(fancyhdr)                \addtolength{\topmargin}{-16.64937pt}.

[28 <./../03_AUX/01_PICT/trigger_for_data_collection.png> <./../03_AUX/01_PICT/data_collection_to_synology.png>]
<./../03_AUX/01_PICT/web_interactions.png, id=564, 2813.51125pt x 1259.70625pt>
File: ./../03_AUX/01_PICT/web_interactions.png Graphic file (type png)
<use ./../03_AUX/01_PICT/web_interactions.png>
Package pdftex.def Info: ./../03_AUX/01_PICT/web_interactions.png  used on input line 121.
(pdftex.def)             Requested size: 364.19664pt x 163.05637pt.
<./../03_AUX/01_PICT/notification_to_analytics.png, id=565, 2960.05875pt x 496.85625pt>
File: ./../03_AUX/01_PICT/notification_to_analytics.png Graphic file (type png)
<use ./../03_AUX/01_PICT/notification_to_analytics.png>
Package pdftex.def Info: ./../03_AUX/01_PICT/notification_to_analytics.png  used on input line 132.
(pdftex.def)             Requested size: 364.19664pt x 61.12888pt.
<./../03_AUX/01_PICT/grafana_to_db.png, id=566, 2279.51625pt x 474.77374pt>
File: ./../03_AUX/01_PICT/grafana_to_db.png Graphic file (type png)
<use ./../03_AUX/01_PICT/grafana_to_db.png>
Package pdftex.def Info: ./../03_AUX/01_PICT/grafana_to_db.png  used on input line 143.
(pdftex.def)             Requested size: 364.19664pt x 75.84943pt.


File: ./../03_AUX/01_PICT///HTL_logo.pdf Graphic file (type pdf)
<use ./../03_AUX/01_PICT///HTL_logo.pdf>
Package pdftex.def Info: ./../03_AUX/01_PICT///HTL_logo.pdf  used on input line 151.
(pdftex.def)             Requested size: 70.621pt x 30.42433pt.

Package fancyhdr Warning: \headheight is too small (18.125pt): 
(fancyhdr)                Make it at least 34.77437pt, for example:
(fancyhdr)                \setlength{\headheight}{34.77437pt}.
(fancyhdr)                You might also make \topmargin smaller:
(fancyhdr)                \addtolength{\topmargin}{-16.64937pt}.

[29 <./../03_AUX/01_PICT/data_collection_to_plate_recognizer.png> <./../03_AUX/01_PICT/data_collection_to_db.png> <./../03_AUX/01_PICT/web_interactions.png>]

File: ./../03_AUX/01_PICT///HTL_logo.pdf Graphic file (type pdf)
<use ./../03_AUX/01_PICT///HTL_logo.pdf>
Package pdftex.def Info: ./../03_AUX/01_PICT///HTL_logo.pdf  used on input line 171.
(pdftex.def)             Requested size: 70.621pt x 30.42433pt.

Package fancyhdr Warning: \headheight is too small (18.125pt): 
(fancyhdr)                Make it at least 34.77437pt, for example:
(fancyhdr)                \setlength{\headheight}{34.77437pt}.
(fancyhdr)                You might also make \topmargin smaller:
(fancyhdr)                \addtolength{\topmargin}{-16.64937pt}.

[30 <./../03_AUX/01_PICT/notification_to_analytics.png> <./../03_AUX/01_PICT/grafana_to_db.png>]
<./../03_AUX/01_PICT/tables.png, id=600, 3382.6375pt x 2474.24374pt>
File: ./../03_AUX/01_PICT/tables.png Graphic file (type png)
<use ./../03_AUX/01_PICT/tables.png>
Package pdftex.def Info: ./../03_AUX/01_PICT/tables.png  used on input line 189.
(pdftex.def)             Requested size: 364.19664pt x 266.39131pt.


File: ./../03_AUX/01_PICT///HTL_logo.pdf Graphic file (type pdf)
<use ./../03_AUX/01_PICT///HTL_logo.pdf>
Package pdftex.def Info: ./../03_AUX/01_PICT///HTL_logo.pdf  used on input line 207.
(pdftex.def)             Requested size: 70.621pt x 30.42433pt.

Package fancyhdr Warning: \headheight is too small (18.125pt): 
(fancyhdr)                Make it at least 34.77437pt, for example:
(fancyhdr)                \setlength{\headheight}{34.77437pt}.
(fancyhdr)                You might also make \topmargin smaller:
(fancyhdr)                \addtolength{\topmargin}{-16.64937pt}.

[31]
Overfull \hbox (0.26378pt too wide) in paragraph at lines 213--214
[] []\T1/phv/b/n/12 3. Ein-fach-heit der Ab-fra-gen[][] \T1/phv/m/n/12 Die Grafana-Dashboards ver-wen-den di-rek-te SQL-Abfragen.
 []



File: ./../03_AUX/01_PICT///HTL_logo.pdf Graphic file (type pdf)
<use ./../03_AUX/01_PICT///HTL_logo.pdf>
Package pdftex.def Info: ./../03_AUX/01_PICT///HTL_logo.pdf  used on input line 224.
(pdftex.def)             Requested size: 70.621pt x 30.42433pt.

Package fancyhdr Warning: \headheight is too small (18.125pt): 
(fancyhdr)                Make it at least 34.77437pt, for example:
(fancyhdr)                \setlength{\headheight}{34.77437pt}.
(fancyhdr)                You might also make \topmargin smaller:
(fancyhdr)                \addtolength{\topmargin}{-16.64937pt}.

[32 <./../03_AUX/01_PICT/tables.png>]
LaTeX Font Info:    Font shape `T1/phv/m/n' will be
(Font)              scaled to size 7.59998pt on input line 240.
LaTeX Font Info:    Font shape `T1/phv/m/n' will be
(Font)              scaled to size 5.69998pt on input line 240.
LaTeX Font Info:    Font shape `T1/phv/m/n' will be
(Font)              scaled to size 6.64998pt on input line 248.


File: ./../03_AUX/01_PICT///HTL_logo.pdf Graphic file (type pdf)
<use ./../03_AUX/01_PICT///HTL_logo.pdf>
Package pdftex.def Info: ./../03_AUX/01_PICT///HTL_logo.pdf  used on input line 259.
(pdftex.def)             Requested size: 70.621pt x 30.42433pt.

Package fancyhdr Warning: \headheight is too small (18.125pt): 
(fancyhdr)                Make it at least 34.77437pt, for example:
(fancyhdr)                \setlength{\headheight}{34.77437pt}.
(fancyhdr)                You might also make \topmargin smaller:
(fancyhdr)                \addtolength{\topmargin}{-16.64937pt}.

[33]
Overfull \hbox (91.73544pt too wide) in paragraph at lines 265--269
[] []\T1/phv/b/n/12 Data Col-lec-ti-on Ser-vice (HTTP Ba-sic Au-then-ti-ca-ti-on)[][] \T1/phv/m/n/12 Der Webhook-Endpunkt \T1/cmtt/m/n/12 /api/vehicle_detected\T1/phv/m/n/12 ,
 []


Overfull \hbox (28.60353pt too wide) in paragraph at lines 265--269
\T1/phv/m/n/12 Ba-sic Au-then-ti-ca-ti-on ge-schützt. Die Zu-gangs-da-ten wer-den da-bei ge-gen die Synology-Credentials
 []



File: ./../03_AUX/01_PICT///HTL_logo.pdf Graphic file (type pdf)
<use ./../03_AUX/01_PICT///HTL_logo.pdf>
Package pdftex.def Info: ./../03_AUX/01_PICT///HTL_logo.pdf  used on input line 285.
(pdftex.def)             Requested size: 70.621pt x 30.42433pt.

Package fancyhdr Warning: \headheight is too small (18.125pt): 
(fancyhdr)                Make it at least 34.77437pt, for example:
(fancyhdr)                \setlength{\headheight}{34.77437pt}.
(fancyhdr)                You might also make \topmargin smaller:
(fancyhdr)                \addtolength{\topmargin}{-16.64937pt}.

[34]
<./../03_AUX/01_PICT/db_user.png, id=656, 3348.51pt x 2755.29375pt>
File: ./../03_AUX/01_PICT/db_user.png Graphic file (type png)
<use ./../03_AUX/01_PICT/db_user.png>
Package pdftex.def Info: ./../03_AUX/01_PICT/db_user.png  used on input line 298.
(pdftex.def)             Requested size: 364.19664pt x 299.63577pt.

Overfull \hbox (5.03612pt too wide) in paragraph at lines 303--305
[]\T1/phv/m/n/12 Wie die Dar-stel-lung zeigt, hat der Data-Collection-User Voll-zu-griff auf das Ingestion-Schema,
 []


Overfull \hbox (5.6741pt too wide) in paragraph at lines 303--305
\T1/phv/m/n/12 der Analytics-User nur Le-se-zu-griff dar-auf (aber Voll-zu-griff auf das ei-ge-ne Analytics-Schema),
 []



File: ./../03_AUX/01_PICT///HTL_logo.pdf Graphic file (type pdf)
<use ./../03_AUX/01_PICT///HTL_logo.pdf>
Package pdftex.def Info: ./../03_AUX/01_PICT///HTL_logo.pdf  used on input line 305.
(pdftex.def)             Requested size: 70.621pt x 30.42433pt.

Package fancyhdr Warning: \headheight is too small (18.125pt): 
(fancyhdr)                Make it at least 34.77437pt, for example:
(fancyhdr)                \setlength{\headheight}{34.77437pt}.
(fancyhdr)                You might also make \topmargin smaller:
(fancyhdr)                \addtolength{\topmargin}{-16.64937pt}.

[35 <./../03_AUX/01_PICT/db_user.png>]
<./../03_AUX/01_PICT/detection_flow.png, id=666, 5395.15625pt x 411.5375pt>
File: ./../03_AUX/01_PICT/detection_flow.png Graphic file (type png)
<use ./../03_AUX/01_PICT/detection_flow.png>
Package pdftex.def Info: ./../03_AUX/01_PICT/detection_flow.png  used on input line 336.
(pdftex.def)             Requested size: 455.24408pt x 34.71962pt.


File: ./../03_AUX/01_PICT///HTL_logo.pdf Graphic file (type pdf)
<use ./../03_AUX/01_PICT///HTL_logo.pdf>
Package pdftex.def Info: ./../03_AUX/01_PICT///HTL_logo.pdf  used on input line 346.
(pdftex.def)             Requested size: 70.621pt x 30.42433pt.

Package fancyhdr Warning: \headheight is too small (18.125pt): 
(fancyhdr)                Make it at least 34.77437pt, for example:
(fancyhdr)                \setlength{\headheight}{34.77437pt}.
(fancyhdr)                You might also make \topmargin smaller:
(fancyhdr)                \addtolength{\topmargin}{-16.64937pt}.

[36 <./../03_AUX/01_PICT/detection_flow.png>])

File: ./../03_AUX/01_PICT///HTL_logo.pdf Graphic file (type pdf)
<use ./../03_AUX/01_PICT///HTL_logo.pdf>
Package pdftex.def Info: ./../03_AUX/01_PICT///HTL_logo.pdf  used on input line 39.
(pdftex.def)             Requested size: 70.621pt x 30.42433pt.

Package fancyhdr Warning: \headheight is too small (18.125pt): 
(fancyhdr)                Make it at least 34.77437pt, for example:
(fancyhdr)                \setlength{\headheight}{34.77437pt}.
(fancyhdr)                You might also make \topmargin smaller:
(fancyhdr)                \addtolength{\topmargin}{-16.64937pt}.

[37] (./../02a_DOC_DPL1/kap_05_implementierung.tex
<./../03_AUX/01_PICT/ip_camera_tool.png, id=689, 1023.825pt x 478.78876pt>
File: ./../03_AUX/01_PICT/ip_camera_tool.png Graphic file (type png)
<use ./../03_AUX/01_PICT/ip_camera_tool.png>
Package pdftex.def Info: ./../03_AUX/01_PICT/ip_camera_tool.png  used on input line 24.
(pdftex.def)             Requested size: 455.24408pt x 212.88864pt.
<./../03_AUX/01_PICT/erkennungsbereich_config.png, id=692, 919.18407pt x 563.10374pt>
File: ./../03_AUX/01_PICT/erkennungsbereich_config.png Graphic file (type png)
<use ./../03_AUX/01_PICT/erkennungsbereich_config.png>
Package pdftex.def Info: ./../03_AUX/01_PICT/erkennungsbereich_config.png  used on input line 41.
(pdftex.def)             Requested size: 455.24408pt x 278.88757pt.


File: ./../03_AUX/01_PICT///HTL_logo.pdf Graphic file (type pdf)
<use ./../03_AUX/01_PICT///HTL_logo.pdf>
Package pdftex.def Info: ./../03_AUX/01_PICT///HTL_logo.pdf  used on input line 44.
(pdftex.def)             Requested size: 70.621pt x 30.42433pt.

Package fancyhdr Warning: \headheight is too small (18.125pt): 
(fancyhdr)                Make it at least 34.77437pt, for example:
(fancyhdr)                \setlength{\headheight}{34.77437pt}.
(fancyhdr)                You might also make \topmargin smaller:
(fancyhdr)                \addtolength{\topmargin}{-16.64937pt}.

[38]
<./../03_AUX/01_PICT/action_rule.png, id=701, 827.34094pt x 562.35094pt>
File: ./../03_AUX/01_PICT/action_rule.png Graphic file (type png)
<use ./../03_AUX/01_PICT/action_rule.png>
Package pdftex.def Info: ./../03_AUX/01_PICT/action_rule.png  used on input line 56.
(pdftex.def)             Requested size: 455.24408pt x 309.43983pt.


File: ./../03_AUX/01_PICT///HTL_logo.pdf Graphic file (type pdf)
<use ./../03_AUX/01_PICT///HTL_logo.pdf>
Package pdftex.def Info: ./../03_AUX/01_PICT///HTL_logo.pdf  used on input line 71.
(pdftex.def)             Requested size: 70.621pt x 30.42433pt.

Package fancyhdr Warning: \headheight is too small (18.125pt): 
(fancyhdr)                Make it at least 34.77437pt, for example:
(fancyhdr)                \setlength{\headheight}{34.77437pt}.
(fancyhdr)                You might also make \topmargin smaller:
(fancyhdr)                \addtolength{\topmargin}{-16.64937pt}.

[39 <./../03_AUX/01_PICT/ip_camera_tool.png>]

File: ./../03_AUX/01_PICT///HTL_logo.pdf Graphic file (type pdf)
<use ./../03_AUX/01_PICT///HTL_logo.pdf>
Package pdftex.def Info: ./../03_AUX/01_PICT///HTL_logo.pdf  used on input line 71.
(pdftex.def)             Requested size: 70.621pt x 30.42433pt.

Package fancyhdr Warning: \headheight is too small (18.125pt): 
(fancyhdr)                Make it at least 34.77437pt, for example:
(fancyhdr)                \setlength{\headheight}{34.77437pt}.
(fancyhdr)                You might also make \topmargin smaller:
(fancyhdr)                \addtolength{\topmargin}{-16.64937pt}.

[40 <./../03_AUX/01_PICT/erkennungsbereich_config.png> <./../03_AUX/01_PICT/action_rule.png>]

File: ./../03_AUX/01_PICT///HTL_logo.pdf Graphic file (type pdf)
<use ./../03_AUX/01_PICT///HTL_logo.pdf>
Package pdftex.def Info: ./../03_AUX/01_PICT///HTL_logo.pdf  used on input line 95.
(pdftex.def)             Requested size: 70.621pt x 30.42433pt.

Package fancyhdr Warning: \headheight is too small (18.125pt): 
(fancyhdr)                Make it at least 34.77437pt, for example:
(fancyhdr)                \setlength{\headheight}{34.77437pt}.
(fancyhdr)                You might also make \topmargin smaller:
(fancyhdr)                \addtolength{\topmargin}{-16.64937pt}.

[41] (/usr/share/texlive/texmf-dist/tex/latex/listings/lstlang1.sty
File: lstlang1.sty 2024/09/23 1.10c listings language file
)
<./../03_AUX/01_PICT/data_collection.png, id=729, 7482.95625pt x 8221.71625pt>
File: ./../03_AUX/01_PICT/data_collection.png Graphic file (type png)
<use ./../03_AUX/01_PICT/data_collection.png>
Package pdftex.def Info: ./../03_AUX/01_PICT/data_collection.png  used on input line 132.
(pdftex.def)             Requested size: 455.24408pt x 500.18163pt.


File: ./../03_AUX/01_PICT///HTL_logo.pdf Graphic file (type pdf)
<use ./../03_AUX/01_PICT///HTL_logo.pdf>
Package pdftex.def Info: ./../03_AUX/01_PICT///HTL_logo.pdf  used on input line 139.
(pdftex.def)             Requested size: 70.621pt x 30.42433pt.

Package fancyhdr Warning: \headheight is too small (18.125pt): 
(fancyhdr)                Make it at least 34.77437pt, for example:
(fancyhdr)                \setlength{\headheight}{34.77437pt}.
(fancyhdr)                You might also make \topmargin smaller:
(fancyhdr)                \addtolength{\topmargin}{-16.64937pt}.

[42]

File: ./../03_AUX/01_PICT///HTL_logo.pdf Graphic file (type pdf)
<use ./../03_AUX/01_PICT///HTL_logo.pdf>
Package pdftex.def Info: ./../03_AUX/01_PICT///HTL_logo.pdf  used on input line 139.
(pdftex.def)             Requested size: 70.621pt x 30.42433pt.

Package fancyhdr Warning: \headheight is too small (18.125pt): 
(fancyhdr)                Make it at least 34.77437pt, for example:
(fancyhdr)                \setlength{\headheight}{34.77437pt}.
(fancyhdr)                You might also make \topmargin smaller:
(fancyhdr)                \addtolength{\topmargin}{-16.64937pt}.

[43 <./../03_AUX/01_PICT/data_collection.png>]
Overfull \hbox (6.97862pt too wide) in paragraph at lines 154--157
\T1/phv/m/n/12 An-fra-ge, im JPEG-Format an-ge-for-dert. Die Bild-da-ten wer-den als Byte-Stream im Ar-beitsspei-
 []


Overfull \hbox (41.39551pt too wide) in paragraph at lines 158--159
[]\T1/phv/m/n/12 Jeder der drei Schrit-te ist durch spe-zi-fi-sche Ex-cep-ti-ons (\T1/cmtt/m/n/12 AuthenticationError\T1/phv/m/n/12 , \T1/cmtt/m/n/12 CameraDataError\T1/phv/m/n/12 ,
 []



File: ./../03_AUX/01_PICT///HTL_logo.pdf Graphic file (type pdf)
<use ./../03_AUX/01_PICT///HTL_logo.pdf>
Package pdftex.def Info: ./../03_AUX/01_PICT///HTL_logo.pdf  used on input line 169.
(pdftex.def)             Requested size: 70.621pt x 30.42433pt.

Package fancyhdr Warning: \headheight is too small (18.125pt): 
(fancyhdr)                Make it at least 34.77437pt, for example:
(fancyhdr)                \setlength{\headheight}{34.77437pt}.
(fancyhdr)                You might also make \topmargin smaller:
(fancyhdr)                \addtolength{\topmargin}{-16.64937pt}.

[44]
LaTeX Font Info:    Font shape `TS1/phv/m/n' will be
(Font)              scaled to size 10.40245pt on input line 176.


File: ./../03_AUX/01_PICT///HTL_logo.pdf Graphic file (type pdf)
<use ./../03_AUX/01_PICT///HTL_logo.pdf>
Package pdftex.def Info: ./../03_AUX/01_PICT///HTL_logo.pdf  used on input line 203.
(pdftex.def)             Requested size: 70.621pt x 30.42433pt.

Package fancyhdr Warning: \headheight is too small (18.125pt): 
(fancyhdr)                Make it at least 34.77437pt, for example:
(fancyhdr)                \setlength{\headheight}{34.77437pt}.
(fancyhdr)                You might also make \topmargin smaller:
(fancyhdr)                \addtolength{\topmargin}{-16.64937pt}.

[45]
Overfull \hbox (21.43924pt too wide) in paragraph at lines 221--224
\T1/phv/m/n/12 Kenn-zei-chen von Pla-te Re-co-gni-zer mit dem Län-der-co-de \T1/cmtt/m/n/12 unknown \T1/phv/m/n/12 klas-si-fi-ziert, der Kennzeichen-
 []



File: ./../03_AUX/01_PICT///HTL_logo.pdf Graphic file (type pdf)
<use ./../03_AUX/01_PICT///HTL_logo.pdf>
Package pdftex.def Info: ./../03_AUX/01_PICT///HTL_logo.pdf  used on input line 230.
(pdftex.def)             Requested size: 70.621pt x 30.42433pt.

Package fancyhdr Warning: \headheight is too small (18.125pt): 
(fancyhdr)                Make it at least 34.77437pt, for example:
(fancyhdr)                \setlength{\headheight}{34.77437pt}.
(fancyhdr)                You might also make \topmargin smaller:
(fancyhdr)                \addtolength{\topmargin}{-16.64937pt}.

[46]

File: ./../03_AUX/01_PICT///HTL_logo.pdf Graphic file (type pdf)
<use ./../03_AUX/01_PICT///HTL_logo.pdf>
Package pdftex.def Info: ./../03_AUX/01_PICT///HTL_logo.pdf  used on input line 260.
(pdftex.def)             Requested size: 70.621pt x 30.42433pt.

Package fancyhdr Warning: \headheight is too small (18.125pt): 
(fancyhdr)                Make it at least 34.77437pt, for example:
(fancyhdr)                \setlength{\headheight}{34.77437pt}.
(fancyhdr)                You might also make \topmargin smaller:
(fancyhdr)                \addtolength{\topmargin}{-16.64937pt}.

[47]
LaTeX Font Info:    Font shape `T1/cmtt/bx/n' in size <12> not available
(Font)              Font shape `T1/cmtt/m/n' tried instead on input line 272.

Overfull \hbox (21.98071pt too wide) in paragraph at lines 272--275
[] []\T1/phv/b/n/12 Benutzerpräferenzen (\T1/cmtt/m/n/12 /api/user_preferences\T1/phv/b/n/12 )[][] \T1/phv/m/n/12 Die-se Rou-te stellt ei-ne voll-stän-di-ge CRUD-
 []


Overfull \hbox (4.13718pt too wide) in paragraph at lines 272--275
\T1/phv/m/n/12 wer-den. Je-der Be-nut-zer ver-fügt über zwei un-ab-hän-gi-ge Flags: \T1/cmtt/m/n/12 receive_alerts \T1/phv/m/n/12 für Echtzeit-
 []


Overfull \hbox (12.59337pt too wide) in paragraph at lines 277--280
[] []\T1/phv/b/n/12 Benachrichtigungsversand (\T1/cmtt/m/n/12 /api/notifications\T1/phv/b/n/12 )[][] \T1/phv/m/n/12 Der Be-nach-rich-ti-gungs-end-punkt \T1/cmtt/m/n/12 POST
 []


Overfull \hbox (2.91606pt too wide) in paragraph at lines 277--280
\T1/phv/m/n/12 Wenn der Re-quest ei-ne ex-pli-zi-te Emp-fän-ger-lis-te ent-hält, wer-den aus-schlieÿ-lich die-se Adres-
 []



File: ./../03_AUX/01_PICT///HTL_logo.pdf Graphic file (type pdf)
<use ./../03_AUX/01_PICT///HTL_logo.pdf>
Package pdftex.def Info: ./../03_AUX/01_PICT///HTL_logo.pdf  used on input line 292.
(pdftex.def)             Requested size: 70.621pt x 30.42433pt.

Package fancyhdr Warning: \headheight is too small (18.125pt): 
(fancyhdr)                Make it at least 34.77437pt, for example:
(fancyhdr)                \setlength{\headheight}{34.77437pt}.
(fancyhdr)                You might also make \topmargin smaller:
(fancyhdr)                \addtolength{\topmargin}{-16.64937pt}.

[48]
Overfull \hbox (14.93684pt too wide) in paragraph at lines 310--313
[] []\T1/phv/b/n/12 2. Datasource-Provisioning (\T1/cmtt/m/n/12 datasource.yaml\T1/phv/b/n/12 ):[][] \T1/phv/m/n/12 De-fi-niert die Ver-bin-dung zur PostgreSQL-
 []



File: ./../03_AUX/01_PICT///HTL_logo.pdf Graphic file (type pdf)
<use ./../03_AUX/01_PICT///HTL_logo.pdf>
Package pdftex.def Info: ./../03_AUX/01_PICT///HTL_logo.pdf  used on input line 327.
(pdftex.def)             Requested size: 70.621pt x 30.42433pt.

Package fancyhdr Warning: \headheight is too small (18.125pt): 
(fancyhdr)                Make it at least 34.77437pt, for example:
(fancyhdr)                \setlength{\headheight}{34.77437pt}.
(fancyhdr)                You might also make \topmargin smaller:
(fancyhdr)                \addtolength{\topmargin}{-16.64937pt}.

[49]
<./../03_AUX/01_PICT/grafana_dashboard.png, id=884, 1061.46562pt x 1647.90656pt>
File: ./../03_AUX/01_PICT/grafana_dashboard.png Graphic file (type png)
<use ./../03_AUX/01_PICT/grafana_dashboard.png>
Package pdftex.def Info: ./../03_AUX/01_PICT/grafana_dashboard.png  used on input line 337.
(pdftex.def)             Requested size: 455.24408pt x 706.75043pt.


LaTeX Warning: Float too large for page by 70.24658pt on input line 340.

)

File: ./../03_AUX/01_PICT///HTL_logo.pdf Graphic file (type pdf)
<use ./../03_AUX/01_PICT///HTL_logo.pdf>
Package pdftex.def Info: ./../03_AUX/01_PICT///HTL_logo.pdf  used on input line 43.
(pdftex.def)             Requested size: 70.621pt x 30.42433pt.

Package fancyhdr Warning: \headheight is too small (18.125pt): 
(fancyhdr)                Make it at least 34.77437pt, for example:
(fancyhdr)                \setlength{\headheight}{34.77437pt}.
(fancyhdr)                You might also make \topmargin smaller:
(fancyhdr)                \addtolength{\topmargin}{-16.64937pt}.

[50]

File: ./../03_AUX/01_PICT///HTL_logo.pdf Graphic file (type pdf)
<use ./../03_AUX/01_PICT///HTL_logo.pdf>
Package pdftex.def Info: ./../03_AUX/01_PICT///HTL_logo.pdf  used on input line 43.
(pdftex.def)             Requested size: 70.621pt x 30.42433pt.

Package fancyhdr Warning: \headheight is too small (18.125pt): 
(fancyhdr)                Make it at least 34.77437pt, for example:
(fancyhdr)                \setlength{\headheight}{34.77437pt}.
(fancyhdr)                You might also make \topmargin smaller:
(fancyhdr)                \addtolength{\topmargin}{-16.64937pt}.

[51 <./../03_AUX/01_PICT/grafana_dashboard.png>] (./../02a_DOC_DPL1/kap_06_infrastruktur.tex
Overfull \hbox (15.86592pt too wide) in paragraph at lines 5--7
\T1/phv/m/n/12 Be-trieb re-le-van-ten Aspek-te wie Mo-ni-to-ring und Log-ging, Datenbank-Management und Backup-
 []

LaTeX Font Info:    Font shape `TS1/phv/b/n' will be
(Font)              scaled to size 10.40245pt on input line 23.

Overfull \hbox (4.15878pt too wide) in paragraph at lines 37--38
\T1/phv/m/n/12 Die Pro-duk-ti-ons-kon-fi-gu-ra-ti-on ver-wen-det hin-ge-gen vor-ge-fer-tig-te Docker-Images, wel-che über
 []



File: ./../03_AUX/01_PICT///HTL_logo.pdf Graphic file (type pdf)
<use ./../03_AUX/01_PICT///HTL_logo.pdf>
Package pdftex.def Info: ./../03_AUX/01_PICT///HTL_logo.pdf  used on input line 39.
(pdftex.def)             Requested size: 70.621pt x 30.42433pt.

Package fancyhdr Warning: \headheight is too small (18.125pt): 
(fancyhdr)                Make it at least 34.77437pt, for example:
(fancyhdr)                \setlength{\headheight}{34.77437pt}.
(fancyhdr)                You might also make \topmargin smaller:
(fancyhdr)                \addtolength{\topmargin}{-16.64937pt}.

[52]

File: ./../03_AUX/01_PICT///HTL_logo.pdf Graphic file (type pdf)
<use ./../03_AUX/01_PICT///HTL_logo.pdf>
Package pdftex.def Info: ./../03_AUX/01_PICT///HTL_logo.pdf  used on input line 76.
(pdftex.def)             Requested size: 70.621pt x 30.42433pt.

Package fancyhdr Warning: \headheight is too small (18.125pt): 
(fancyhdr)                Make it at least 34.77437pt, for example:
(fancyhdr)                \setlength{\headheight}{34.77437pt}.
(fancyhdr)                You might also make \topmargin smaller:
(fancyhdr)                \addtolength{\topmargin}{-16.64937pt}.

[53] (/usr/share/texlive/texmf-dist/tex/latex/listings/lstlang1.sty
File: lstlang1.sty 2024/09/23 1.10c listings language file
) (/usr/share/texlive/texmf-dist/tex/latex/listings/lstlang1.sty
File: lstlang1.sty 2024/09/23 1.10c listings language file
)

File: ./../03_AUX/01_PICT///HTL_logo.pdf Graphic file (type pdf)
<use ./../03_AUX/01_PICT///HTL_logo.pdf>
Package pdftex.def Info: ./../03_AUX/01_PICT///HTL_logo.pdf  used on input line 100.
(pdftex.def)             Requested size: 70.621pt x 30.42433pt.

Package fancyhdr Warning: \headheight is too small (18.125pt): 
(fancyhdr)                Make it at least 34.77437pt, for example:
(fancyhdr)                \setlength{\headheight}{34.77437pt}.
(fancyhdr)                You might also make \topmargin smaller:
(fancyhdr)                \addtolength{\topmargin}{-16.64937pt}.

[54]
Overfull \hbox (69.04456pt too wide) in paragraph at lines 106--107
[][][][][][][][][][][][][][][][][][][][][][][][][][][][][][][][][][][][][][][][][][][][][][][][][][][] 
 []


Overfull \hbox (118.9768pt too wide) in paragraph at lines 112--113
[][][][][][][][][][][][][][][][][][][][][][][][][][][][][][][][][][][][][][][][][][][][][][][][][][][][][] 
 []


Overfull \hbox (62.80302pt too wide) in paragraph at lines 113--114
[][][][][][][][][][][][][][][][][][][][][][][][][][][][][][][][][][][][][][][][] 
 []

<./../03_AUX/01_PICT/container_stack_portainer.png, id=943, 1638.12pt x 609.77812pt>
File: ./../03_AUX/01_PICT/container_stack_portainer.png Graphic file (type png)
<use ./../03_AUX/01_PICT/container_stack_portainer.png>
Package pdftex.def Info: ./../03_AUX/01_PICT/container_stack_portainer.png  used on input line 138.
(pdftex.def)             Requested size: 455.24408pt x 169.46199pt.


File: ./../03_AUX/01_PICT///HTL_logo.pdf Graphic file (type pdf)
<use ./../03_AUX/01_PICT///HTL_logo.pdf>
Package pdftex.def Info: ./../03_AUX/01_PICT///HTL_logo.pdf  used on input line 151.
(pdftex.def)             Requested size: 70.621pt x 30.42433pt.

Package fancyhdr Warning: \headheight is too small (18.125pt): 
(fancyhdr)                Make it at least 34.77437pt, for example:
(fancyhdr)                \setlength{\headheight}{34.77437pt}.
(fancyhdr)                You might also make \topmargin smaller:
(fancyhdr)                \addtolength{\topmargin}{-16.64937pt}.

[55]
Overfull \hbox (3.35316pt too wide) in paragraph at lines 154--155
[]\T1/phv/m/n/12 PostgreSQL-Datenbank: Ver-wen-dung des na-ti-ven \T1/cmtt/m/n/12 pg_isready\T1/phv/m/n/12 -Kommandos zur Über-
 []



File: ./../03_AUX/01_PICT///HTL_logo.pdf Graphic file (type pdf)
<use ./../03_AUX/01_PICT///HTL_logo.pdf>
Package pdftex.def Info: ./../03_AUX/01_PICT///HTL_logo.pdf  used on input line 169.
(pdftex.def)             Requested size: 70.621pt x 30.42433pt.

Package fancyhdr Warning: \headheight is too small (18.125pt): 
(fancyhdr)                Make it at least 34.77437pt, for example:
(fancyhdr)                \setlength{\headheight}{34.77437pt}.
(fancyhdr)                You might also make \topmargin smaller:
(fancyhdr)                \addtolength{\topmargin}{-16.64937pt}.

[56 <./../03_AUX/01_PICT/container_stack_portainer.png>]
Overfull \hbox (156.426pt too wide) in paragraph at lines 171--172
[][][][][][][][][][][][][][][][][][][][][][][][][][][][][][][][][] 
 []


Overfull \hbox (206.35825pt too wide) in paragraph at lines 172--173
[][][][][][][][][][][][][][][][][][][][][][][][][][][][][][][][][][][][] 
 []



File: ./../03_AUX/01_PICT///HTL_logo.pdf Graphic file (type pdf)
<use ./../03_AUX/01_PICT///HTL_logo.pdf>
Package pdftex.def Info: ./../03_AUX/01_PICT///HTL_logo.pdf  used on input line 203.
(pdftex.def)             Requested size: 70.621pt x 30.42433pt.

Package fancyhdr Warning: \headheight is too small (18.125pt): 
(fancyhdr)                Make it at least 34.77437pt, for example:
(fancyhdr)                \setlength{\headheight}{34.77437pt}.
(fancyhdr)                You might also make \topmargin smaller:
(fancyhdr)                \addtolength{\topmargin}{-16.64937pt}.

[57]
Overfull \hbox (13.8708pt too wide) in paragraph at lines 208--209
[]\T1/phv/m/n/12 Die Alembic-Konfiguration im-por-tiert die Base-Klassen der Backend-Services im Environment-
 []



File: ./../03_AUX/01_PICT///HTL_logo.pdf Graphic file (type pdf)
<use ./../03_AUX/01_PICT///HTL_logo.pdf>
Package pdftex.def Info: ./../03_AUX/01_PICT///HTL_logo.pdf  used on input line 239.
(pdftex.def)             Requested size: 70.621pt x 30.42433pt.

Package fancyhdr Warning: \headheight is too small (18.125pt): 
(fancyhdr)                Make it at least 34.77437pt, for example:
(fancyhdr)                \setlength{\headheight}{34.77437pt}.
(fancyhdr)                You might also make \topmargin smaller:
(fancyhdr)                \addtolength{\topmargin}{-16.64937pt}.

[58]
<./../03_AUX/01_PICT/backup_flow.png, id=1018, 6229.2725pt x 1077.02374pt>
File: ./../03_AUX/01_PICT/backup_flow.png Graphic file (type png)
<use ./../03_AUX/01_PICT/backup_flow.png>
Package pdftex.def Info: ./../03_AUX/01_PICT/backup_flow.png  used on input line 242.
(pdftex.def)             Requested size: 409.71689pt x 70.8307pt.

Overfull \hbox (2.60785pt too wide) in paragraph at lines 247--250
\T1/phv/m/n/12 zu-nächst auf die Er-reich-bar-keit der Da-ten-bank, er-stellt dann einen voll-stän-di-gen Datenbank-
 []


Overfull \hbox (6.23315pt too wide) in paragraph at lines 262--263
[]\T1/phv/m/n/12 Für die Wie-der-her-stel-lung exis-tiert eben-falls ein Script, wel-ches einen voll-stän-di-gen Disaster-
 []

<./../03_AUX/01_PICT/restore_flow.png, id=1021, 7535.15125pt x 516.93124pt>
File: ./../03_AUX/01_PICT/restore_flow.png Graphic file (type png)
<use ./../03_AUX/01_PICT/restore_flow.png>
Package pdftex.def Info: ./../03_AUX/01_PICT/restore_flow.png  used on input line 266.
(pdftex.def)             Requested size: 409.71689pt x 28.10396pt.


File: ./../03_AUX/01_PICT///HTL_logo.pdf Graphic file (type pdf)
<use ./../03_AUX/01_PICT///HTL_logo.pdf>
Package pdftex.def Info: ./../03_AUX/01_PICT///HTL_logo.pdf  used on input line 273.
(pdftex.def)             Requested size: 70.621pt x 30.42433pt.

Package fancyhdr Warning: \headheight is too small (18.125pt): 
(fancyhdr)                Make it at least 34.77437pt, for example:
(fancyhdr)                \setlength{\headheight}{34.77437pt}.
(fancyhdr)                You might also make \topmargin smaller:
(fancyhdr)                \addtolength{\topmargin}{-16.64937pt}.

[59 <./../03_AUX/01_PICT/backup_flow.png> <./../03_AUX/01_PICT/restore_flow.png>]
Overfull \hbox (1.92406pt too wide) in paragraph at lines 279--282
\T1/phv/m/n/12 Ma-te-ri-al[]] ein-ge-setzt, ein Python-basierter Static-Site-Generator, wel-cher Markdown-Dateien
 []


Overfull \hbox (2.1754pt too wide) in paragraph at lines 289--290
[]\T1/phv/m/n/12 Reference: Script-Referenzen, Docker-Compose-Dokumentation, API-Dokumentation
 []


Overfull \hbox (2.98824pt too wide) in paragraph at lines 292--295
\T1/phv/m/n/12 Actions-Workflow. Im Fal-le ei-nes Pu-shes wird die Do-ku-men-ta-ti-on neu ge-baut und auf GitHub
 []

<./../03_AUX/01_PICT/mkdocs.png, id=1039, 1901.60437pt x 1066.7353pt>
File: ./../03_AUX/01_PICT/mkdocs.png Graphic file (type png)
<use ./../03_AUX/01_PICT/mkdocs.png>
Package pdftex.def Info: ./../03_AUX/01_PICT/mkdocs.png  used on input line 301.
(pdftex.def)             Requested size: 455.24408pt x 255.37062pt.
)

File: ./../03_AUX/01_PICT///HTL_logo.pdf Graphic file (type pdf)
<use ./../03_AUX/01_PICT///HTL_logo.pdf>
Package pdftex.def Info: ./../03_AUX/01_PICT///HTL_logo.pdf  used on input line 47.
(pdftex.def)             Requested size: 70.621pt x 30.42433pt.

Package fancyhdr Warning: \headheight is too small (18.125pt): 
(fancyhdr)                Make it at least 34.77437pt, for example:
(fancyhdr)                \setlength{\headheight}{34.77437pt}.
(fancyhdr)                You might also make \topmargin smaller:
(fancyhdr)                \addtolength{\topmargin}{-16.64937pt}.

[60] (./../02a_DOC_DPL1/kap_07_qualitaetssicherung.tex
Overfull \hbox (20.8253pt too wide) in paragraph at lines 17--19
\T1/phv/m/n/12 API, Pla-te Re-co-gni-zer und der SMTP-Server wer-den durch die Mocking-Library \T1/cmtt/m/n/12 unittest.mock
 []



File: ./../03_AUX/01_PICT///HTL_logo.pdf Graphic file (type pdf)
<use ./../03_AUX/01_PICT///HTL_logo.pdf>
Package pdftex.def Info: ./../03_AUX/01_PICT///HTL_logo.pdf  used on input line 26.
(pdftex.def)             Requested size: 70.621pt x 30.42433pt.

Package fancyhdr Warning: \headheight is too small (18.125pt): 
(fancyhdr)                Make it at least 34.77437pt, for example:
(fancyhdr)                \setlength{\headheight}{34.77437pt}.
(fancyhdr)                You might also make \topmargin smaller:
(fancyhdr)                \addtolength{\topmargin}{-16.64937pt}.

[61 <./../03_AUX/01_PICT/mkdocs.png>]
Overfull \hbox (7.62357pt too wide) in paragraph at lines 33--35
[]\T1/phv/b/n/12 DatabaseHandler: \T1/phv/m/n/12 Tests für Da-ten-ex-trak-ti-on aus API-Antworten, Hash-Normalisierung
 []


Overfull \hbox (0.57634pt too wide) in paragraph at lines 33--35
\T1/phv/m/n/12 (Groÿ-/Kleinschreibung, Leer-zei-chen) und die zeit-fens-ter-ba-sier-te Du-pli-kats-er-ken-nung
 []


Overfull \hbox (17.8725pt too wide) in paragraph at lines 43--45
[]\T1/phv/b/n/12 DatabaseHandler: \T1/phv/m/n/12 CRUD-Operationen für Be-nut-zer-prä-fe-ren-zen, ein-schlieÿ-lich Duplikat-
 []


Overfull \hbox (37.42285pt too wide) in paragraph at lines 60--64
[]\T1/phv/m/n/12 Diese Ent-schei-dung wur-de ge-trof-fen, da SQ-Li-te we-sent-li-che be-nutz-te PostgreSQL-Funktionalitäten
 []


Overfull \hbox (8.96153pt too wide) in paragraph at lines 60--64
\T1/phv/m/n/12 nicht iden-tisch ab-bil-den kann. Bei-spie-le hier-für sind die Ver-wen-dung des na-ti-ven PostgreSQL-
 []



File: ./../03_AUX/01_PICT///HTL_logo.pdf Graphic file (type pdf)
<use ./../03_AUX/01_PICT///HTL_logo.pdf>
Package pdftex.def Info: ./../03_AUX/01_PICT///HTL_logo.pdf  used on input line 64.
(pdftex.def)             Requested size: 70.621pt x 30.42433pt.

Package fancyhdr Warning: \headheight is too small (18.125pt): 
(fancyhdr)                Make it at least 34.77437pt, for example:
(fancyhdr)                \setlength{\headheight}{34.77437pt}.
(fancyhdr)                You might also make \topmargin smaller:
(fancyhdr)                \addtolength{\topmargin}{-16.64937pt}.

[62]
Overfull \hbox (59.93723pt too wide) in paragraph at lines 65--66
[]\T1/phv/m/n/12 Beide Ser-vices ver-wen-den ein iden-ti-sches Mus-ter zur Da-te-ni-so-la-ti-on in ih-rer Pytest-Konfigurationsdatei: 
 []



File: ./../03_AUX/01_PICT///HTL_logo.pdf Graphic file (type pdf)
<use ./../03_AUX/01_PICT///HTL_logo.pdf>
Package pdftex.def Info: ./../03_AUX/01_PICT///HTL_logo.pdf  used on input line 101.
(pdftex.def)             Requested size: 70.621pt x 30.42433pt.

Package fancyhdr Warning: \headheight is too small (18.125pt): 
(fancyhdr)                Make it at least 34.77437pt, for example:
(fancyhdr)                \setlength{\headheight}{34.77437pt}.
(fancyhdr)                You might also make \topmargin smaller:
(fancyhdr)                \addtolength{\topmargin}{-16.64937pt}.

[63])

File: ./../03_AUX/01_PICT///HTL_logo.pdf Graphic file (type pdf)
<use ./../03_AUX/01_PICT///HTL_logo.pdf>
Package pdftex.def Info: ./../03_AUX/01_PICT///HTL_logo.pdf  used on input line 51.
(pdftex.def)             Requested size: 70.621pt x 30.42433pt.

Package fancyhdr Warning: \headheight is too small (18.125pt): 
(fancyhdr)                Make it at least 34.77437pt, for example:
(fancyhdr)                \setlength{\headheight}{34.77437pt}.
(fancyhdr)                You might also make \topmargin smaller:
(fancyhdr)                \addtolength{\topmargin}{-16.64937pt}.

[64] (./../02a_DOC_DPL1/kap_08_fazit_ausblick.tex

File: ./../03_AUX/01_PICT///HTL_logo.pdf Graphic file (type pdf)
<use ./../03_AUX/01_PICT///HTL_logo.pdf>
Package pdftex.def Info: ./../03_AUX/01_PICT///HTL_logo.pdf  used on input line 32.
(pdftex.def)             Requested size: 70.621pt x 30.42433pt.

Package fancyhdr Warning: \headheight is too small (18.125pt): 
(fancyhdr)                Make it at least 34.77437pt, for example:
(fancyhdr)                \setlength{\headheight}{34.77437pt}.
(fancyhdr)                You might also make \topmargin smaller:
(fancyhdr)                \addtolength{\topmargin}{-16.64937pt}.

[65])) (./DA_03_ADDendum.tex

File: ./../03_AUX/01_PICT///HTL_logo.pdf Graphic file (type pdf)
<use ./../03_AUX/01_PICT///HTL_logo.pdf>
Package pdftex.def Info: ./../03_AUX/01_PICT///HTL_logo.pdf  used on input line 25.
(pdftex.def)             Requested size: 70.621pt x 30.42433pt.

Package fancyhdr Warning: \headheight is too small (18.125pt): 
(fancyhdr)                Make it at least 34.77437pt, for example:
(fancyhdr)                \setlength{\headheight}{34.77437pt}.
(fancyhdr)                You might also make \topmargin smaller:
(fancyhdr)                \addtolength{\topmargin}{-16.64937pt}.

[66]
Overfull \hbox (6.62924pt too wide) in paragraph at lines 59--60
[][][][][][][][][][][][][][][][][][][][][][][] 
 []



File: ./../03_AUX/01_PICT///HTL_logo.pdf Graphic file (type pdf)
<use ./../03_AUX/01_PICT///HTL_logo.pdf>
Package pdftex.def Info: ./../03_AUX/01_PICT///HTL_logo.pdf  used on input line 71.
(pdftex.def)             Requested size: 70.621pt x 30.42433pt.

Package fancyhdr Warning: \headheight is too small (18.125pt): 
(fancyhdr)                Make it at least 34.77437pt, for example:
(fancyhdr)                \setlength{\headheight}{34.77437pt}.
(fancyhdr)                You might also make \topmargin smaller:
(fancyhdr)                \addtolength{\topmargin}{-16.64937pt}.

[67]

File: ./../03_AUX/01_PICT///HTL_logo.pdf Graphic file (type pdf)
<use ./../03_AUX/01_PICT///HTL_logo.pdf>
Package pdftex.def Info: ./../03_AUX/01_PICT///HTL_logo.pdf  used on input line 110.
(pdftex.def)             Requested size: 70.621pt x 30.42433pt.

Package fancyhdr Warning: \headheight is too small (18.125pt): 
(fancyhdr)                Make it at least 34.77437pt, for example:
(fancyhdr)                \setlength{\headheight}{34.77437pt}.
(fancyhdr)                You might also make \topmargin smaller:
(fancyhdr)                \addtolength{\topmargin}{-16.64937pt}.

[68] (/usr/share/texlive/texmf-dist/tex/latex/listings/lstlang1.sty
File: lstlang1.sty 2024/09/23 1.10c listings language file
)

File: ./../03_AUX/01_PICT///HTL_logo.pdf Graphic file (type pdf)
<use ./../03_AUX/01_PICT///HTL_logo.pdf>
Package pdftex.def Info: ./../03_AUX/01_PICT///HTL_logo.pdf  used on input line 151.
(pdftex.def)             Requested size: 70.621pt x 30.42433pt.

Package fancyhdr Warning: \headheight is too small (18.125pt): 
(fancyhdr)                Make it at least 34.77437pt, for example:
(fancyhdr)                \setlength{\headheight}{34.77437pt}.
(fancyhdr)                You might also make \topmargin smaller:
(fancyhdr)                \addtolength{\topmargin}{-16.64937pt}.

[69]

File: ./../03_AUX/01_PICT///HTL_logo.pdf Graphic file (type pdf)
<use ./../03_AUX/01_PICT///HTL_logo.pdf>
Package pdftex.def Info: ./../03_AUX/01_PICT///HTL_logo.pdf  used on input line 187.
(pdftex.def)             Requested size: 70.621pt x 30.42433pt.

Package fancyhdr Warning: \headheight is too small (18.125pt): 
(fancyhdr)                Make it at least 34.77437pt, for example:
(fancyhdr)                \setlength{\headheight}{34.77437pt}.
(fancyhdr)                You might also make \topmargin smaller:
(fancyhdr)                \addtolength{\topmargin}{-16.64937pt}.

[70]

File: ./../03_AUX/01_PICT///HTL_logo.pdf Graphic file (type pdf)
<use ./../03_AUX/01_PICT///HTL_logo.pdf>
Package pdftex.def Info: ./../03_AUX/01_PICT///HTL_logo.pdf  used on input line 228.
(pdftex.def)             Requested size: 70.621pt x 30.42433pt.

Package fancyhdr Warning: \headheight is too small (18.125pt): 
(fancyhdr)                Make it at least 34.77437pt, for example:
(fancyhdr)                \setlength{\headheight}{34.77437pt}.
(fancyhdr)                You might also make \topmargin smaller:
(fancyhdr)                \addtolength{\topmargin}{-16.64937pt}.

[71] (./DA_main.lof)
\tf@lof=\write7
\openout7 = `DA_main.lof'.



File: ./../03_AUX/01_PICT///HTL_logo.pdf Graphic file (type pdf)
<use ./../03_AUX/01_PICT///HTL_logo.pdf>
Package pdftex.def Info: ./../03_AUX/01_PICT///HTL_logo.pdf  used on input line 232.
(pdftex.def)             Requested size: 70.621pt x 30.42433pt.

Package fancyhdr Warning: \headheight is too small (18.125pt): 
(fancyhdr)                Make it at least 34.77437pt, for example:
(fancyhdr)                \setlength{\headheight}{34.77437pt}.
(fancyhdr)                You might also make \topmargin smaller:
(fancyhdr)                \addtolength{\topmargin}{-16.64937pt}.

[72]

Package glossaries Info: Preparing to sort glossary `acronym' (total number of
(glossaries)             referenced entries: 29)



File: ./../03_AUX/01_PICT///HTL_logo.pdf Graphic file (type pdf)
<use ./../03_AUX/01_PICT///HTL_logo.pdf>
Package pdftex.def Info: ./../03_AUX/01_PICT///HTL_logo.pdf  used on input line 233.
(pdftex.def)             Requested size: 70.621pt x 30.42433pt.

Package fancyhdr Warning: \headheight is too small (18.125pt): 
(fancyhdr)                Make it at least 34.77437pt, for example:
(fancyhdr)                \setlength{\headheight}{34.77437pt}.
(fancyhdr)                You might also make \topmargin smaller:
(fancyhdr)                \addtolength{\topmargin}{-16.64937pt}.

[73]

File: ./../03_AUX/01_PICT///HTL_logo.pdf Graphic file (type pdf)
<use ./../03_AUX/01_PICT///HTL_logo.pdf>
Package pdftex.def Info: ./../03_AUX/01_PICT///HTL_logo.pdf  used on input line 235.
(pdftex.def)             Requested size: 70.621pt x 30.42433pt.

Package fancyhdr Warning: \headheight is too small (18.125pt): 
(fancyhdr)                Make it at least 34.77437pt, for example:
(fancyhdr)                \setlength{\headheight}{34.77437pt}.
(fancyhdr)                You might also make \topmargin smaller:
(fancyhdr)                \addtolength{\topmargin}{-16.64937pt}.

[74] (./../02_DOC_Main/DA_05_LIT.tex
Overfull \hbox (15.94826pt too wide) in paragraph at lines 4--4
[]\T1/phv/m/n/12 DSGVO-Gesetz.de. Per-so-nen-be-zo-ge-ne Da-ten. In: []$\T1/cmtt/m/n/12 https : / / dsgvo -[]
 []


Overfull \hbox (15.02858pt too wide) in paragraph at lines 4--4
\T1/cmtt/m/n/12 gesetz . de / themen / personenbezogene -[] daten/$[] \T1/phv/m/n/12 (am 23. 02. 2026). 
 []



File: ./../03_AUX/01_PICT///HTL_logo.pdf Graphic file (type pdf)
<use ./../03_AUX/01_PICT///HTL_logo.pdf>
Package pdftex.def Info: ./../03_AUX/01_PICT///HTL_logo.pdf  used on input line 4.
(pdftex.def)             Requested size: 70.621pt x 30.42433pt.

Package fancyhdr Warning: \headheight is too small (18.125pt): 
(fancyhdr)                Make it at least 34.77437pt, for example:
(fancyhdr)                \setlength{\headheight}{34.77437pt}.
(fancyhdr)                You might also make \topmargin smaller:
(fancyhdr)                \addtolength{\topmargin}{-16.64937pt}.

[75]
Overfull \hbox (5.81183pt too wide) in paragraph at lines 4--4
[]\T1/phv/m/n/12 Greenhouse Gas Pro-to-col. Cor-po-ra-te Va-lue Chain (Sco-pe 3) Stan-
 []


Overfull \hbox (3.1816pt too wide) in paragraph at lines 4--4
\T1/cmtt/m/n/12 com / learn / microservices -[] best -[] practices$[] \T1/phv/m/n/12 (am 23. 02. 2026). 
 []


Overfull \hbox (3.2352pt too wide) in paragraph at lines 4--4
[]\T1/phv/m/n/12 oesterreich.gv.at. Kenn-zeich-nung von Kraft-fahr-zeu-gen. In: []$\T1/cmtt/m/n/12 https :
 []


Overfull \hbox (7.68002pt too wide) in paragraph at lines 4--4
[]\T1/phv/m/n/12 Plate Re-co-gni-zer. What is AL-PR? In: []$\T1/cmtt/m/n/12 https : / / platerecognizer .
 []



File: ./../03_AUX/01_PICT///HTL_logo.pdf Graphic file (type pdf)
<use ./../03_AUX/01_PICT///HTL_logo.pdf>
Package pdftex.def Info: ./../03_AUX/01_PICT///HTL_logo.pdf  used on input line 4.
(pdftex.def)             Requested size: 70.621pt x 30.42433pt.

Package fancyhdr Warning: \headheight is too small (18.125pt): 
(fancyhdr)                Make it at least 34.77437pt, for example:
(fancyhdr)                \setlength{\headheight}{34.77437pt}.
(fancyhdr)                You might also make \topmargin smaller:
(fancyhdr)                \addtolength{\topmargin}{-16.64937pt}.

[76]
Overfull \hbox (2.94887pt too wide) in paragraph at lines 4--4
[]\T1/phv/m/n/12 Plate Re-co-gni-zer. Snaps-hot API Re-fe-rence. In: []$\T1/cmtt/m/n/12 https : / / guides .
 []


Overfull \hbox (39.3127pt too wide) in paragraph at lines 4--4
[]\T1/phv/m/n/12 Plate Re-co-gni-zer. Sup-por-ted Coun-tries. In: []$\T1/cmtt/m/n/12 https : / / platerecognizer .
 []


Overfull \hbox (5.09085pt too wide) in paragraph at lines 4--4
[]\T1/phv/m/n/12 Plate Re-co-gni-zer. AL-PR Re-sults. In: []$\T1/cmtt/m/n/12 https : / / platerecognizer .
 []


Overfull \hbox (9.08058pt too wide) in paragraph at lines 4--4
[]\T1/phv/m/n/12 Plate Re-co-gni-zer. Snaps-hot SDK. In: []$\T1/cmtt/m/n/12 https : / / platerecognizer .
 []


Overfull \hbox (8.03445pt too wide) in paragraph at lines 4--4
[]\T1/phv/m/n/12 The Post-greS-QL Glo-bal De-ve-lop-ment Group. pg_dump. In: []$\T1/cmtt/m/n/12 https :
 []


Overfull \hbox (14.99966pt too wide) in paragraph at lines 4--4
[]\T1/phv/m/n/12 The Post-greS-QL Glo-bal De-ve-lop-ment Group. pg_restore. In: []$\T1/cmtt/m/n/12 https :
 []



File: ./../03_AUX/01_PICT///HTL_logo.pdf Graphic file (type pdf)
<use ./../03_AUX/01_PICT///HTL_logo.pdf>
Package pdftex.def Info: ./../03_AUX/01_PICT///HTL_logo.pdf  used on input line 4.
(pdftex.def)             Requested size: 70.621pt x 30.42433pt.

Package fancyhdr Warning: \headheight is too small (18.125pt): 
(fancyhdr)                Make it at least 34.77437pt, for example:
(fancyhdr)                \setlength{\headheight}{34.77437pt}.
(fancyhdr)                You might also make \topmargin smaller:
(fancyhdr)                \addtolength{\topmargin}{-16.64937pt}.

[77]
Overfull \hbox (3.93134pt too wide) in paragraph at lines 4--4
[]\T1/phv/m/n/12 Steiermark Tou-ris-mus. Die meist-be-such-ten Aus-flugs-zie-le der Stei-
 []



File: ./../03_AUX/01_PICT///HTL_logo.pdf Graphic file (type pdf)
<use ./../03_AUX/01_PICT///HTL_logo.pdf>
Package pdftex.def Info: ./../03_AUX/01_PICT///HTL_logo.pdf  used on input line 4.
(pdftex.def)             Requested size: 70.621pt x 30.42433pt.

Package fancyhdr Warning: \headheight is too small (18.125pt): 
(fancyhdr)                Make it at least 34.77437pt, for example:
(fancyhdr)                \setlength{\headheight}{34.77437pt}.
(fancyhdr)                You might also make \topmargin smaller:
(fancyhdr)                \addtolength{\topmargin}{-16.64937pt}.

[78]
Overfull \hbox (16.70013pt too wide) in paragraph at lines 4--4
[]\T1/phv/m/n/12 Synology. De-ep Vi-deo Ana-ly-tics (DVA). In: []$\T1/cmtt/m/n/12 https : / / www . synology .
 []


Overfull \hbox (7.79634pt too wide) in paragraph at lines 4--4
[]\T1/phv/m/n/12 Wikipedia. Prin-ci-ple of least pri-vi-le-ge. In: []$\T1/cmtt/m/n/12 https : / / en . wikipedia .
 []

))

Package caption Warning: Unused \captionsetup[wrapfigure] on input line 22.
See the caption package documentation for explanation.



File: ./../03_AUX/01_PICT///HTL_logo.pdf Graphic file (type pdf)
<use ./../03_AUX/01_PICT///HTL_logo.pdf>
Package pdftex.def Info: ./../03_AUX/01_PICT///HTL_logo.pdf  used on input line 59.
(pdftex.def)             Requested size: 70.621pt x 30.42433pt.

Package fancyhdr Warning: \headheight is too small (18.125pt): 
(fancyhdr)                Make it at least 34.77437pt, for example:
(fancyhdr)                \setlength{\headheight}{34.77437pt}.
(fancyhdr)                You might also make \topmargin smaller:
(fancyhdr)                \addtolength{\topmargin}{-16.64937pt}.

[79] 
enddocument/afterlastpage (AED): lastpage setting LastPage.
(./DA_main.aux)
 ***********
LaTeX2e <2024-11-01> patch level 2
L3 programming layer <2020/03/25>
 ***********
Package rerunfilecheck Info: File `DA_main.out' has not changed.
(rerunfilecheck)             Checksum: D41D8CD98F00B204E9800998ECF8427E;0.
Package logreq Info: Writing requests to 'DA_main.run.xml'.
\openout1 = `DA_main.run.xml'.

 ) 
Here is how much of TeX's memory you used:
 53674 strings out of 473197
 1088922 string characters out of 5718605
 2135719 words of memory out of 5000000
 75415 multiletter control sequences out of 15000+600000
 604827 words of font info for 100 fonts, out of 8000000 for 9000
 1143 hyphenation exceptions out of 8191
 115i,20n,110p,11069b,2461s stack positions out of 10000i,1000n,20000p,200000b,200000s

pdfTeX warning (dest): name{Hfootnote.3} has been referenced but does not exist, replaced by a fixed one

</usr/share/texlive/texmf-dist/fonts/type1/public/amsfonts/cm/cmex10.pfb></usr/share/texlive/texmf-dist/fonts/type1/public/amsfonts/cm/cmmi12.pfb></usr/share/texlive/texmf-dist/fonts/type1/public/amsfonts/cm/cmmi6.pfb></usr/share/texlive/texmf-dist/fonts/type1/public/amsfonts/cm/cmmi8.pfb></usr/share/texlive/texmf-dist/fonts/type1/public/amsfonts/cm/cmr12.pfb></usr/share/texlive/texmf-dist/fonts/type1/public/amsfonts/cm/cmr8.pfb></usr/share/texlive/texmf-dist/fonts/type1/public/amsfonts/cm/cmsy10.pfb></usr/share/texmf/fonts/type1/public/cm-super/sftt1000.pfb></usr/share/texmf/fonts/type1/public/cm-super/sftt1095.pfb></usr/share/texmf/fonts/type1/public/cm-super/sftt1200.pfb></usr/share/texlive/texmf-dist/fonts/type1/urw/helvetic/uhvb8a.pfb></usr/share/texlive/texmf-dist/fonts/type1/urw/helvetic/uhvr8a.pfb>
Output written on DA_main.pdf (79 pages, 15169926 bytes).
PDF statistics:
 1975 PDF objects out of 2073 (max. 8388607)
 1761 compressed objects within 18 object streams
 675 named destinations out of 1000 (max. 500000)
 1001 words of extra memory for PDF output out of 10000 (max. 10000000)

