This is pdfTeX, Version 3.141592653-2.6-1.40.25 (TeX Live 2023) (preloaded format=pdflatex 2026.2.25)  25 FEB 2026 12:50
entering extended mode
 restricted \write18 enabled.
 file:line:error style messages enabled.
 %&-line parsing enabled.
**/home/bj/projects/da-paper/DA_Vorlage_HTL-Weiz/02a_DOC_DPL1/DA_Diplomand_1.tex
(/home/bj/projects/da-paper/DA_Vorlage_HTL-Weiz/02a_DOC_DPL1/DA_Diplomand_1.tex
LaTeX2e <2022-11-01> patch level 1
L3 programming layer <2023-02-22> (/usr/share/texlive/texmf-dist/tex/latex/koma-script/scrartcl.cls
Document Class: scrartcl 2022/10/12 v3.38 KOMA-Script document class (article)
(/usr/share/texlive/texmf-dist/tex/latex/koma-script/scrkbase.sty
Package: scrkbase 2022/10/12 v3.38 KOMA-Script package (KOMA-Script-dependent basics and keyval usage)
 (/usr/share/texlive/texmf-dist/tex/latex/koma-script/scrbase.sty
Package: scrbase 2022/10/12 v3.38 KOMA-Script package (KOMA-Script-independent basics and keyval usage)
 (/usr/share/texlive/texmf-dist/tex/latex/koma-script/scrlfile.sty
Package: scrlfile 2022/10/12 v3.38 KOMA-Script package (file load hooks)
 (/usr/share/texlive/texmf-dist/tex/latex/koma-script/scrlfile-hook.sty
Package: scrlfile-hook 2022/10/12 v3.38 KOMA-Script package (using LaTeX hooks)
 (/usr/share/texlive/texmf-dist/tex/latex/koma-script/scrlogo.sty
Package: scrlogo 2022/10/12 v3.38 KOMA-Script package (logo)
))) (/usr/share/texlive/texmf-dist/tex/latex/graphics/keyval.sty
Package: keyval 2022/05/29 v1.15 key=value parser (DPC)
\KV@toks@=\toks16
)
Applying: [2021/05/01] Usage of raw or classic option list on input line 252.
Already applied: [0000/00/00] Usage of raw or classic option list on input line 368.
)) (/usr/share/texlive/texmf-dist/tex/latex/koma-script/tocbasic.sty
Package: tocbasic 2022/10/12 v3.38 KOMA-Script package (handling toc-files)
\scr@dte@tocline@numberwidth=\skip48
\scr@dte@tocline@numbox=\box51
)
Package tocbasic Info: omitting babel extension for `toc'
(tocbasic)             because of feature `nobabel' available
(tocbasic)             for `toc' on input line 135.
Package scrartcl Info: You've used standard option `12pt'.
(scrartcl)             This is correct!
(scrartcl)             Internally I'm using `fontsize=12pt'.
(scrartcl)             If you'd like to set the option with \KOMAoptions,
(scrartcl)             you'd have to use `fontsize=12pt' there
(scrartcl)             instead of `12pt', too.
Class scrartcl Info: File `scrsize12pt.clo' used to setup font sizes on input line 2367.
 (/usr/share/texlive/texmf-dist/tex/latex/koma-script/scrsize12pt.clo
File: scrsize12pt.clo 2022/10/12 v3.38 KOMA-Script font size class option (12pt)
) (/usr/share/texlive/texmf-dist/tex/latex/koma-script/typearea.sty
Package: typearea 2022/10/12 v3.38 KOMA-Script package (type area)
\ta@bcor=\skip49
\ta@div=\count185
Package typearea Info: You've used standard option `a4paper'.
(typearea)             This is correct!
(typearea)             Internally I'm using `paper=a4'.
(typearea)             If you'd like to set the option with \KOMAoptions,
(typearea)             you'd have to use `paper=a4' there
(typearea)             instead of `a4paper', too.
\ta@hblk=\skip50
\ta@vblk=\skip51
\ta@temp=\skip52
\footheight=\skip53
Package typearea Info: These are the values describing the layout:
(typearea)             DIV  = 12
(typearea)             BCOR = 0.0pt
(typearea)             \paperwidth      = 597.50793pt
(typearea)              \textwidth      = 448.13095pt
(typearea)              DIV departure   = -6%
(typearea)              \evensidemargin = 2.4185pt
(typearea)              \oddsidemargin  = 2.4185pt
(typearea)             \paperheight     = 845.04694pt
(typearea)              \textheight     = 635.5pt
(typearea)              \topmargin      = -41.72441pt
(typearea)              \headheight     = 18.125pt
(typearea)              \headsep        = 21.75pt
(typearea)              \topskip        = 12.0pt
(typearea)              \footskip       = 50.75pt
(typearea)              \baselineskip   = 14.5pt
(typearea)              on input line 1767.
)
\c@part=\count186
\c@section=\count187
\c@subsection=\count188
\c@subsubsection=\count189
\c@paragraph=\count190
\c@subparagraph=\count191
\scr@dte@section@maxnumwidth=\skip54
Class scrartcl Info: using compatibility default `runin=bysign'
(scrartcl)           for `\section on input line 4994.
Class scrartcl Info: using compatibility default `afterindent=bysign'
(scrartcl)           for `\section on input line 4994.
\scr@dte@part@maxnumwidth=\skip55
Class scrartcl Info: using compatibility default `afterindent=false'
(scrartcl)           for `\part on input line 5002.
\scr@dte@subsection@maxnumwidth=\skip56
Class scrartcl Info: using compatibility default `runin=bysign'
(scrartcl)           for `\subsection on input line 5012.
Class scrartcl Info: using compatibility default `afterindent=bysign'
(scrartcl)           for `\subsection on input line 5012.
\scr@dte@subsubsection@maxnumwidth=\skip57
Class scrartcl Info: using compatibility default `runin=bysign'
(scrartcl)           for `\subsubsection on input line 5022.
Class scrartcl Info: using compatibility default `afterindent=bysign'
(scrartcl)           for `\subsubsection on input line 5022.
\scr@dte@paragraph@maxnumwidth=\skip58
Class scrartcl Info: using compatibility default `runin=bysign'
(scrartcl)           for `\paragraph on input line 5033.
Class scrartcl Info: using compatibility default `afterindent=bysign'
(scrartcl)           for `\paragraph on input line 5033.
\scr@dte@subparagraph@maxnumwidth=\skip59
Class scrartcl Info: using compatibility default `runin=bysign'
(scrartcl)           for `\subparagraph on input line 5043.
Class scrartcl Info: using compatibility default `afterindent=bysign'
(scrartcl)           for `\subparagraph on input line 5043.
\abovecaptionskip=\skip60
\belowcaptionskip=\skip61
\c@pti@nb@sid@b@x=\box52
Package tocbasic Info: omitting babel extension for `lof'
(tocbasic)             because of feature `nobabel' available
(tocbasic)             for `lof' on input line 6211.
\scr@dte@figure@maxnumwidth=\skip62
\c@figure=\count192
Package tocbasic Info: omitting babel extension for `lot'
(tocbasic)             because of feature `nobabel' available
(tocbasic)             for `lot' on input line 6227.
\scr@dte@table@maxnumwidth=\skip63
\c@table=\count193
Class scrartcl Info: Redefining `\numberline' on input line 6397.
\bibindent=\dimen140
) (./../00_LATdef/UsePackages.tex (/usr/share/texlive/texmf-dist/tex/generic/babel/babel.sty
Package: babel 2023/02/13 3.86 The Babel package
\babel@savecnt=\count194
\U@D=\dimen141
\l@unhyphenated=\language48
 (/usr/share/texlive/texmf-dist/tex/generic/babel/txtbabel.def)
\bbl@readstream=\read2
\bbl@dirlevel=\count195
 (/usr/share/texlive/texmf-dist/tex/generic/babel-german/ngerman.ldf
Language: ngerman 2021/02/27 v2.13 German support for babel (post-1996 orthography)
 (/usr/share/texlive/texmf-dist/tex/generic/babel-german/ngermanb.ldf
Language: ngermanb 2021/02/27 v2.13 German support for babel (post-1996 orthography)
Package babel Info: Making " an active character on input line 122.
))) (/usr/share/texlive/texmf-dist/tex/generic/babel/locale/de/babel-ngerman.tex
Package babel Info: Importing font and identification data for ngerman
(babel)             from babel-de.ini. Reported on input line 11.
) (/usr/share/texlive/texmf-dist/tex/latex/setspace/setspace.sty
Package: setspace 2022/12/04 v6.7b set line spacing
)

Class scrartcl Warning: Usage of package `fancyhdr' together
(scrartcl)              with a KOMA-Script class is not recommended.
(scrartcl)              I'd suggest to use 
(scrartcl)              package `scrlayer' or `scrlayer-scrpage', because
(scrartcl)              they support KOMA-Script classes.
(scrartcl)              With `fancyhdr' several features of class `scrartcl'
(scrartcl)              like options `headsepline', `footsepline' or command
(scrartcl)              `\MakeMarkcase' and the commands `\setkomafont' and
(scrartcl)              `\addtokomafont' for the page style elements need
(scrartcl)              explicite user intervention to work.
(scrartcl)              Nevertheless, using requested
(scrartcl)              package `fancyhdr' on input line 4.

(/usr/share/texlive/texmf-dist/tex/latex/fancyhdr/fancyhdr.sty
Package: fancyhdr 2022/11/09 v4.1 Extensive control of page headers and footers
\f@nch@headwidth=\skip64
\f@nch@O@elh=\skip65
\f@nch@O@erh=\skip66
\f@nch@O@olh=\skip67
\f@nch@O@orh=\skip68
\f@nch@O@elf=\skip69
\f@nch@O@erf=\skip70
\f@nch@O@olf=\skip71
\f@nch@O@orf=\skip72
) (/usr/share/texlive/texmf-dist/tex/latex/xcolor/xcolor.sty
Package: xcolor 2022/06/12 v2.14 LaTeX color extensions (UK)
 (/usr/share/texlive/texmf-dist/tex/latex/graphics-cfg/color.cfg
File: color.cfg 2016/01/02 v1.6 sample color configuration
)
Package xcolor Info: Driver file: pdftex.def on input line 227.
 (/usr/share/texlive/texmf-dist/tex/latex/graphics-def/pdftex.def
File: pdftex.def 2022/09/22 v1.2b Graphics/color driver for pdftex
) (/usr/share/texlive/texmf-dist/tex/latex/graphics/mathcolor.ltx)
Package xcolor Info: Model `cmy' substituted by `cmy0' on input line 1353.
Package xcolor Info: Model `hsb' substituted by `rgb' on input line 1357.
Package xcolor Info: Model `RGB' extended on input line 1369.
Package xcolor Info: Model `HTML' substituted by `rgb' on input line 1371.
Package xcolor Info: Model `Hsb' substituted by `hsb' on input line 1372.
Package xcolor Info: Model `tHsb' substituted by `hsb' on input line 1373.
Package xcolor Info: Model `HSB' substituted by `hsb' on input line 1374.
Package xcolor Info: Model `Gray' substituted by `gray' on input line 1375.
Package xcolor Info: Model `wave' substituted by `hsb' on input line 1376.
) (/usr/share/texlive/texmf-dist/tex/latex/base/inputenc.sty
Package: inputenc 2021/02/14 v1.3d Input encoding file
\inpenc@prehook=\toks17
\inpenc@posthook=\toks18
 (/usr/share/texlive/texmf-dist/tex/latex/ucs/utf8x.def
File: utf8x.def 2022/08/07 UCS: Input encoding UTF-8


Package ucs Info: utf8x disabled, assuming standard utf8 processing
(ucs)             load ucs package to force utf8x processing.

(/usr/share/texlive/texmf-dist/tex/latex/base/utf8.def
File: utf8.def 2022/06/07 v1.3c UTF-8 support
Now handling font encoding OML ...
... no UTF-8 mapping file for font encoding OML
Now handling font encoding OMS ...
... processing UTF-8 mapping file for font encoding OMS
 (/usr/share/texlive/texmf-dist/tex/latex/base/omsenc.dfu
File: omsenc.dfu 2022/06/07 v1.3c UTF-8 support
   defining Unicode char U+00A7 (decimal 167)
   defining Unicode char U+00B6 (decimal 182)
   defining Unicode char U+00B7 (decimal 183)
   defining Unicode char U+2020 (decimal 8224)
   defining Unicode char U+2021 (decimal 8225)
   defining Unicode char U+2022 (decimal 8226)
)
Now handling font encoding OT1 ...
... processing UTF-8 mapping file for font encoding OT1
 (/usr/share/texlive/texmf-dist/tex/latex/base/ot1enc.dfu
File: ot1enc.dfu 2022/06/07 v1.3c UTF-8 support
   defining Unicode char U+00A0 (decimal 160)
   defining Unicode char U+00A1 (decimal 161)
   defining Unicode char U+00A3 (decimal 163)
   defining Unicode char U+00AD (decimal 173)
   defining Unicode char U+00B8 (decimal 184)
   defining Unicode char U+00BF (decimal 191)
   defining Unicode char U+00C5 (decimal 197)
   defining Unicode char U+00C6 (decimal 198)
   defining Unicode char U+00D8 (decimal 216)
   defining Unicode char U+00DF (decimal 223)
   defining Unicode char U+00E6 (decimal 230)
   defining Unicode char U+00EC (decimal 236)
   defining Unicode char U+00ED (decimal 237)
   defining Unicode char U+00EE (decimal 238)
   defining Unicode char U+00EF (decimal 239)
   defining Unicode char U+00F8 (decimal 248)
   defining Unicode char U+0131 (decimal 305)
   defining Unicode char U+0141 (decimal 321)
   defining Unicode char U+0142 (decimal 322)
   defining Unicode char U+0152 (decimal 338)
   defining Unicode char U+0153 (decimal 339)
   defining Unicode char U+0174 (decimal 372)
   defining Unicode char U+0175 (decimal 373)
   defining Unicode char U+0176 (decimal 374)
   defining Unicode char U+0177 (decimal 375)
   defining Unicode char U+0218 (decimal 536)
   defining Unicode char U+0219 (decimal 537)
   defining Unicode char U+021A (decimal 538)
   defining Unicode char U+021B (decimal 539)
   defining Unicode char U+0237 (decimal 567)
   defining Unicode char U+2013 (decimal 8211)
   defining Unicode char U+2014 (decimal 8212)
   defining Unicode char U+2018 (decimal 8216)
   defining Unicode char U+2019 (decimal 8217)
   defining Unicode char U+201C (decimal 8220)
   defining Unicode char U+201D (decimal 8221)
   defining Unicode char U+FB00 (decimal 64256)
   defining Unicode char U+FB01 (decimal 64257)
   defining Unicode char U+FB02 (decimal 64258)
   defining Unicode char U+FB03 (decimal 64259)
   defining Unicode char U+FB04 (decimal 64260)
   defining Unicode char U+FB05 (decimal 64261)
   defining Unicode char U+FB06 (decimal 64262)
)
Now handling font encoding T1 ...
... processing UTF-8 mapping file for font encoding T1
 (/usr/share/texlive/texmf-dist/tex/latex/base/t1enc.dfu
File: t1enc.dfu 2022/06/07 v1.3c UTF-8 support
   defining Unicode char U+00A0 (decimal 160)
   defining Unicode char U+00A1 (decimal 161)
   defining Unicode char U+00A3 (decimal 163)
   defining Unicode char U+00AB (decimal 171)
   defining Unicode char U+00AD (decimal 173)
   defining Unicode char U+00BB (decimal 187)
   defining Unicode char U+00BF (decimal 191)
   defining Unicode char U+00C0 (decimal 192)
   defining Unicode char U+00C1 (decimal 193)
   defining Unicode char U+00C2 (decimal 194)
   defining Unicode char U+00C3 (decimal 195)
   defining Unicode char U+00C4 (decimal 196)
   defining Unicode char U+00C5 (decimal 197)
   defining Unicode char U+00C6 (decimal 198)
   defining Unicode char U+00C7 (decimal 199)
   defining Unicode char U+00C8 (decimal 200)
   defining Unicode char U+00C9 (decimal 201)
   defining Unicode char U+00CA (decimal 202)
   defining Unicode char U+00CB (decimal 203)
   defining Unicode char U+00CC (decimal 204)
   defining Unicode char U+00CD (decimal 205)
   defining Unicode char U+00CE (decimal 206)
   defining Unicode char U+00CF (decimal 207)
   defining Unicode char U+00D0 (decimal 208)
   defining Unicode char U+00D1 (decimal 209)
   defining Unicode char U+00D2 (decimal 210)
   defining Unicode char U+00D3 (decimal 211)
   defining Unicode char U+00D4 (decimal 212)
   defining Unicode char U+00D5 (decimal 213)
   defining Unicode char U+00D6 (decimal 214)
   defining Unicode char U+00D8 (decimal 216)
   defining Unicode char U+00D9 (decimal 217)
   defining Unicode char U+00DA (decimal 218)
   defining Unicode char U+00DB (decimal 219)
   defining Unicode char U+00DC (decimal 220)
   defining Unicode char U+00DD (decimal 221)
   defining Unicode char U+00DE (decimal 222)
   defining Unicode char U+00DF (decimal 223)
   defining Unicode char U+00E0 (decimal 224)
   defining Unicode char U+00E1 (decimal 225)
   defining Unicode char U+00E2 (decimal 226)
   defining Unicode char U+00E3 (decimal 227)
   defining Unicode char U+00E4 (decimal 228)
   defining Unicode char U+00E5 (decimal 229)
   defining Unicode char U+00E6 (decimal 230)
   defining Unicode char U+00E7 (decimal 231)
   defining Unicode char U+00E8 (decimal 232)
   defining Unicode char U+00E9 (decimal 233)
   defining Unicode char U+00EA (decimal 234)
   defining Unicode char U+00EB (decimal 235)
   defining Unicode char U+00EC (decimal 236)
   defining Unicode char U+00ED (decimal 237)
   defining Unicode char U+00EE (decimal 238)
   defining Unicode char U+00EF (decimal 239)
   defining Unicode char U+00F0 (decimal 240)
   defining Unicode char U+00F1 (decimal 241)
   defining Unicode char U+00F2 (decimal 242)
   defining Unicode char U+00F3 (decimal 243)
   defining Unicode char U+00F4 (decimal 244)
   defining Unicode char U+00F5 (decimal 245)
   defining Unicode char U+00F6 (decimal 246)
   defining Unicode char U+00F8 (decimal 248)
   defining Unicode char U+00F9 (decimal 249)
   defining Unicode char U+00FA (decimal 250)
   defining Unicode char U+00FB (decimal 251)
   defining Unicode char U+00FC (decimal 252)
   defining Unicode char U+00FD (decimal 253)
   defining Unicode char U+00FE (decimal 254)
   defining Unicode char U+00FF (decimal 255)
   defining Unicode char U+0100 (decimal 256)
   defining Unicode char U+0101 (decimal 257)
   defining Unicode char U+0102 (decimal 258)
   defining Unicode char U+0103 (decimal 259)
   defining Unicode char U+0104 (decimal 260)
   defining Unicode char U+0105 (decimal 261)
   defining Unicode char U+0106 (decimal 262)
   defining Unicode char U+0107 (decimal 263)
   defining Unicode char U+0108 (decimal 264)
   defining Unicode char U+0109 (decimal 265)
   defining Unicode char U+010A (decimal 266)
   defining Unicode char U+010B (decimal 267)
   defining Unicode char U+010C (decimal 268)
   defining Unicode char U+010D (decimal 269)
   defining Unicode char U+010E (decimal 270)
   defining Unicode char U+010F (decimal 271)
   defining Unicode char U+0110 (decimal 272)
   defining Unicode char U+0111 (decimal 273)
   defining Unicode char U+0112 (decimal 274)
   defining Unicode char U+0113 (decimal 275)
   defining Unicode char U+0114 (decimal 276)
   defining Unicode char U+0115 (decimal 277)
   defining Unicode char U+0116 (decimal 278)
   defining Unicode char U+0117 (decimal 279)
   defining Unicode char U+0118 (decimal 280)
   defining Unicode char U+0119 (decimal 281)
   defining Unicode char U+011A (decimal 282)
   defining Unicode char U+011B (decimal 283)
   defining Unicode char U+011C (decimal 284)
   defining Unicode char U+011D (decimal 285)
   defining Unicode char U+011E (decimal 286)
   defining Unicode char U+011F (decimal 287)
   defining Unicode char U+0120 (decimal 288)
   defining Unicode char U+0121 (decimal 289)
   defining Unicode char U+0122 (decimal 290)
   defining Unicode char U+0123 (decimal 291)
   defining Unicode char U+0124 (decimal 292)
   defining Unicode char U+0125 (decimal 293)
   defining Unicode char U+0128 (decimal 296)
   defining Unicode char U+0129 (decimal 297)
   defining Unicode char U+012A (decimal 298)
   defining Unicode char U+012B (decimal 299)
   defining Unicode char U+012C (decimal 300)
   defining Unicode char U+012D (decimal 301)
   defining Unicode char U+012E (decimal 302)
   defining Unicode char U+012F (decimal 303)
   defining Unicode char U+0130 (decimal 304)
   defining Unicode char U+0131 (decimal 305)
   defining Unicode char U+0132 (decimal 306)
   defining Unicode char U+0133 (decimal 307)
   defining Unicode char U+0134 (decimal 308)
   defining Unicode char U+0135 (decimal 309)
   defining Unicode char U+0136 (decimal 310)
   defining Unicode char U+0137 (decimal 311)
   defining Unicode char U+0139 (decimal 313)
   defining Unicode char U+013A (decimal 314)
   defining Unicode char U+013B (decimal 315)
   defining Unicode char U+013C (decimal 316)
   defining Unicode char U+013D (decimal 317)
   defining Unicode char U+013E (decimal 318)
   defining Unicode char U+0141 (decimal 321)
   defining Unicode char U+0142 (decimal 322)
   defining Unicode char U+0143 (decimal 323)
   defining Unicode char U+0144 (decimal 324)
   defining Unicode char U+0145 (decimal 325)
   defining Unicode char U+0146 (decimal 326)
   defining Unicode char U+0147 (decimal 327)
   defining Unicode char U+0148 (decimal 328)
   defining Unicode char U+014A (decimal 330)
   defining Unicode char U+014B (decimal 331)
   defining Unicode char U+014C (decimal 332)
   defining Unicode char U+014D (decimal 333)
   defining Unicode char U+014E (decimal 334)
   defining Unicode char U+014F (decimal 335)
   defining Unicode char U+0150 (decimal 336)
   defining Unicode char U+0151 (decimal 337)
   defining Unicode char U+0152 (decimal 338)
   defining Unicode char U+0153 (decimal 339)
   defining Unicode char U+0154 (decimal 340)
   defining Unicode char U+0155 (decimal 341)
   defining Unicode char U+0156 (decimal 342)
   defining Unicode char U+0157 (decimal 343)
   defining Unicode char U+0158 (decimal 344)
   defining Unicode char U+0159 (decimal 345)
   defining Unicode char U+015A (decimal 346)
   defining Unicode char U+015B (decimal 347)
   defining Unicode char U+015C (decimal 348)
   defining Unicode char U+015D (decimal 349)
   defining Unicode char U+015E (decimal 350)
   defining Unicode char U+015F (decimal 351)
   defining Unicode char U+0160 (decimal 352)
   defining Unicode char U+0161 (decimal 353)
   defining Unicode char U+0162 (decimal 354)
   defining Unicode char U+0163 (decimal 355)
   defining Unicode char U+0164 (decimal 356)
   defining Unicode char U+0165 (decimal 357)
   defining Unicode char U+0168 (decimal 360)
   defining Unicode char U+0169 (decimal 361)
   defining Unicode char U+016A (decimal 362)
   defining Unicode char U+016B (decimal 363)
   defining Unicode char U+016C (decimal 364)
   defining Unicode char U+016D (decimal 365)
   defining Unicode char U+016E (decimal 366)
   defining Unicode char U+016F (decimal 367)
   defining Unicode char U+0170 (decimal 368)
   defining Unicode char U+0171 (decimal 369)
   defining Unicode char U+0172 (decimal 370)
   defining Unicode char U+0173 (decimal 371)
   defining Unicode char U+0174 (decimal 372)
   defining Unicode char U+0175 (decimal 373)
   defining Unicode char U+0176 (decimal 374)
   defining Unicode char U+0177 (decimal 375)
   defining Unicode char U+0178 (decimal 376)
   defining Unicode char U+0179 (decimal 377)
   defining Unicode char U+017A (decimal 378)
   defining Unicode char U+017B (decimal 379)
   defining Unicode char U+017C (decimal 380)
   defining Unicode char U+017D (decimal 381)
   defining Unicode char U+017E (decimal 382)
   defining Unicode char U+01C4 (decimal 452)
   defining Unicode char U+01C5 (decimal 453)
   defining Unicode char U+01C6 (decimal 454)
   defining Unicode char U+01C7 (decimal 455)
   defining Unicode char U+01C8 (decimal 456)
   defining Unicode char U+01C9 (decimal 457)
   defining Unicode char U+01CA (decimal 458)
   defining Unicode char U+01CB (decimal 459)
   defining Unicode char U+01CC (decimal 460)
   defining Unicode char U+01CD (decimal 461)
   defining Unicode char U+01CE (decimal 462)
   defining Unicode char U+01CF (decimal 463)
   defining Unicode char U+01D0 (decimal 464)
   defining Unicode char U+01D1 (decimal 465)
   defining Unicode char U+01D2 (decimal 466)
   defining Unicode char U+01D3 (decimal 467)
   defining Unicode char U+01D4 (decimal 468)
   defining Unicode char U+01E2 (decimal 482)
   defining Unicode char U+01E3 (decimal 483)
   defining Unicode char U+01E6 (decimal 486)
   defining Unicode char U+01E7 (decimal 487)
   defining Unicode char U+01E8 (decimal 488)
   defining Unicode char U+01E9 (decimal 489)
   defining Unicode char U+01EA (decimal 490)
   defining Unicode char U+01EB (decimal 491)
   defining Unicode char U+01F0 (decimal 496)
   defining Unicode char U+01F4 (decimal 500)
   defining Unicode char U+01F5 (decimal 501)
   defining Unicode char U+0218 (decimal 536)
   defining Unicode char U+0219 (decimal 537)
   defining Unicode char U+021A (decimal 538)
   defining Unicode char U+021B (decimal 539)
   defining Unicode char U+0232 (decimal 562)
   defining Unicode char U+0233 (decimal 563)
   defining Unicode char U+0237 (decimal 567)
   defining Unicode char U+02D9 (decimal 729)
   defining Unicode char U+02DB (decimal 731)
   defining Unicode char U+1E02 (decimal 7682)
   defining Unicode char U+1E03 (decimal 7683)
   defining Unicode char U+1E0D (decimal 7693)
   defining Unicode char U+1E1E (decimal 7710)
   defining Unicode char U+1E1F (decimal 7711)
   defining Unicode char U+1E25 (decimal 7717)
   defining Unicode char U+1E30 (decimal 7728)
   defining Unicode char U+1E31 (decimal 7729)
   defining Unicode char U+1E37 (decimal 7735)
   defining Unicode char U+1E8E (decimal 7822)
   defining Unicode char U+1E8F (decimal 7823)
   defining Unicode char U+1E43 (decimal 7747)
   defining Unicode char U+1E45 (decimal 7749)
   defining Unicode char U+1E47 (decimal 7751)
   defining Unicode char U+1E5B (decimal 7771)
   defining Unicode char U+1E63 (decimal 7779)
   defining Unicode char U+1E6D (decimal 7789)
   defining Unicode char U+1E90 (decimal 7824)
   defining Unicode char U+1E91 (decimal 7825)
   defining Unicode char U+1E9E (decimal 7838)
   defining Unicode char U+1EF2 (decimal 7922)
   defining Unicode char U+1EF3 (decimal 7923)
   defining Unicode char U+200C (decimal 8204)
   defining Unicode char U+2010 (decimal 8208)
   defining Unicode char U+2011 (decimal 8209)
   defining Unicode char U+2012 (decimal 8210)
   defining Unicode char U+2013 (decimal 8211)
   defining Unicode char U+2014 (decimal 8212)
   defining Unicode char U+2015 (decimal 8213)
   defining Unicode char U+2018 (decimal 8216)
   defining Unicode char U+2019 (decimal 8217)
   defining Unicode char U+201A (decimal 8218)
   defining Unicode char U+201C (decimal 8220)
   defining Unicode char U+201D (decimal 8221)
   defining Unicode char U+201E (decimal 8222)
   defining Unicode char U+2030 (decimal 8240)
   defining Unicode char U+2031 (decimal 8241)
   defining Unicode char U+2039 (decimal 8249)
   defining Unicode char U+203A (decimal 8250)
   defining Unicode char U+2423 (decimal 9251)
   defining Unicode char U+1E20 (decimal 7712)
   defining Unicode char U+1E21 (decimal 7713)
   defining Unicode char U+FB00 (decimal 64256)
   defining Unicode char U+FB01 (decimal 64257)
   defining Unicode char U+FB02 (decimal 64258)
   defining Unicode char U+FB03 (decimal 64259)
   defining Unicode char U+FB04 (decimal 64260)
   defining Unicode char U+FB05 (decimal 64261)
   defining Unicode char U+FB06 (decimal 64262)
)
Now handling font encoding TS1 ...
... processing UTF-8 mapping file for font encoding TS1
 (/usr/share/texlive/texmf-dist/tex/latex/base/ts1enc.dfu
File: ts1enc.dfu 2022/06/07 v1.3c UTF-8 support
   defining Unicode char U+00A2 (decimal 162)
   defining Unicode char U+00A3 (decimal 163)
   defining Unicode char U+00A4 (decimal 164)
   defining Unicode char U+00A5 (decimal 165)
   defining Unicode char U+00A6 (decimal 166)
   defining Unicode char U+00A7 (decimal 167)
   defining Unicode char U+00A8 (decimal 168)
   defining Unicode char U+00A9 (decimal 169)
   defining Unicode char U+00AA (decimal 170)
   defining Unicode char U+00AC (decimal 172)
   defining Unicode char U+00AE (decimal 174)
   defining Unicode char U+00AF (decimal 175)
   defining Unicode char U+00B0 (decimal 176)
   defining Unicode char U+00B1 (decimal 177)
   defining Unicode char U+00B2 (decimal 178)
   defining Unicode char U+00B3 (decimal 179)
   defining Unicode char U+00B4 (decimal 180)
   defining Unicode char U+00B5 (decimal 181)
   defining Unicode char U+00B6 (decimal 182)
   defining Unicode char U+00B7 (decimal 183)
   defining Unicode char U+00B9 (decimal 185)
   defining Unicode char U+00BA (decimal 186)
   defining Unicode char U+00BC (decimal 188)
   defining Unicode char U+00BD (decimal 189)
   defining Unicode char U+00BE (decimal 190)
   defining Unicode char U+00D7 (decimal 215)
   defining Unicode char U+00F7 (decimal 247)
   defining Unicode char U+0192 (decimal 402)
   defining Unicode char U+02C7 (decimal 711)
   defining Unicode char U+02D8 (decimal 728)
   defining Unicode char U+02DD (decimal 733)
   defining Unicode char U+0E3F (decimal 3647)
   defining Unicode char U+2016 (decimal 8214)
   defining Unicode char U+2020 (decimal 8224)
   defining Unicode char U+2021 (decimal 8225)
   defining Unicode char U+2022 (decimal 8226)
   defining Unicode char U+2030 (decimal 8240)
   defining Unicode char U+2031 (decimal 8241)
   defining Unicode char U+203B (decimal 8251)
   defining Unicode char U+203D (decimal 8253)
   defining Unicode char U+2044 (decimal 8260)
   defining Unicode char U+204E (decimal 8270)
   defining Unicode char U+2052 (decimal 8274)
   defining Unicode char U+20A1 (decimal 8353)
   defining Unicode char U+20A4 (decimal 8356)
   defining Unicode char U+20A6 (decimal 8358)
   defining Unicode char U+20A9 (decimal 8361)
   defining Unicode char U+20AB (decimal 8363)
   defining Unicode char U+20AC (decimal 8364)
   defining Unicode char U+20B1 (decimal 8369)
   defining Unicode char U+2103 (decimal 8451)
   defining Unicode char U+2116 (decimal 8470)
   defining Unicode char U+2117 (decimal 8471)
   defining Unicode char U+211E (decimal 8478)
   defining Unicode char U+2120 (decimal 8480)
   defining Unicode char U+2122 (decimal 8482)
   defining Unicode char U+2126 (decimal 8486)
   defining Unicode char U+2127 (decimal 8487)
   defining Unicode char U+212E (decimal 8494)
   defining Unicode char U+2190 (decimal 8592)
   defining Unicode char U+2191 (decimal 8593)
   defining Unicode char U+2192 (decimal 8594)
   defining Unicode char U+2193 (decimal 8595)
   defining Unicode char U+2329 (decimal 9001)
   defining Unicode char U+3008 (decimal 12296)
   defining Unicode char U+232A (decimal 9002)
   defining Unicode char U+3009 (decimal 12297)
   defining Unicode char U+2422 (decimal 9250)
   defining Unicode char U+25E6 (decimal 9702)
   defining Unicode char U+25EF (decimal 9711)
   defining Unicode char U+266A (decimal 9834)
   defining Unicode char U+27E8 (decimal 10216)
   defining Unicode char U+27E9 (decimal 10217)
   defining Unicode char U+FEFF (decimal 65279)
)
Now handling font encoding OMX ...
... no UTF-8 mapping file for font encoding OMX
Now handling font encoding U ...
... no UTF-8 mapping file for font encoding U
   defining Unicode char U+00A9 (decimal 169)
   defining Unicode char U+00AA (decimal 170)
   defining Unicode char U+00AE (decimal 174)
   defining Unicode char U+00BA (decimal 186)
   defining Unicode char U+02C6 (decimal 710)
   defining Unicode char U+02DC (decimal 732)
   defining Unicode char U+200C (decimal 8204)
   defining Unicode char U+2026 (decimal 8230)
   defining Unicode char U+2122 (decimal 8482)
   defining Unicode char U+2423 (decimal 9251)
   defining Unicode char U+FEFF (decimal 65279)
))) (/usr/share/texlive/texmf-dist/tex/latex/wrapfig/wrapfig.sty
\wrapoverhang=\dimen142
\WF@size=\dimen143
\c@WF@wrappedlines=\count196
\WF@box=\box53
\WF@everypar=\toks19
Package: wrapfig 2003/01/31  v 3.6
) (/usr/share/texlive/texmf-dist/tex/latex/base/ifthen.sty
Package: ifthen 2022/04/13 v1.1d Standard LaTeX ifthen package (DPC)
) (/usr/share/texlive/texmf-dist/tex/latex/lastpage/lastpage.sty
Package: lastpage 2023/03/07 v2.0a lastpage: 2.09 or 2e? (HMM)
 (/usr/share/texlive/texmf-dist/tex/latex/lastpage/lastpage2e.sty
Package: lastpage2e 2023/03/07 v2.0a Decide which 2e lastpage version to use (HMM)
 (/usr/share/texlive/texmf-dist/tex/latex/lastpage/lastpagemodern.sty
Package: lastpagemodern 2023-03-07 v2.0a Refers to last page's name (HMM; JPG)
) 
)) (/usr/share/texlive/texmf-dist/tex/latex/currfile/currfile.sty
Package: currfile 2022/10/10 v0.8 Provides the file path elements of the current input file
 (/usr/share/texlive/texmf-dist/tex/latex/kvoptions/kvoptions.sty
Package: kvoptions 2022-06-15 v3.15 Key value format for package options (HO)
 (/usr/share/texlive/texmf-dist/tex/generic/ltxcmds/ltxcmds.sty
Package: ltxcmds 2020-05-10 v1.25 LaTeX kernel commands for general use (HO)
) (/usr/share/texlive/texmf-dist/tex/latex/kvsetkeys/kvsetkeys.sty
Package: kvsetkeys 2022-10-05 v1.19 Key value parser (HO)
)) (/usr/share/texlive/texmf-dist/tex/latex/filehook/filehook.sty
Package: filehook 2022/10/25 v0.8b Hooks for input files
 (/usr/share/texlive/texmf-dist/tex/latex/filehook/filehook-2020.sty
Package: filehook-2020 2022/10/25 v0.8b Hooks for input files
))
\c@currfiledepth=\count197
) (/usr/share/texlive/texmf-dist/tex/latex/caption/caption.sty
Package: caption 2023/03/12 v3.6j Customizing captions (AR)
 (/usr/share/texlive/texmf-dist/tex/latex/caption/caption3.sty
Package: caption3 2023/03/12 v2.4 caption3 kernel (AR)
\caption@tempdima=\dimen144
\captionmargin=\dimen145
\caption@leftmargin=\dimen146
\caption@rightmargin=\dimen147
\caption@width=\dimen148
\caption@indent=\dimen149
\caption@parindent=\dimen150
\caption@hangindent=\dimen151
Package caption Info: KOMA-Script document class detected.
 (/usr/share/texlive/texmf-dist/tex/latex/caption/caption-koma.sto
File: caption-koma.sto 2022/12/27 v2.0c Adaption of the caption package to the KOMA-Script document classes (AR)
))
\c@caption@flags=\count198
\c@continuedfloat=\count199
Package caption Info: KOMA-Script scrextend package detected.
\caption@addmargin@hsize=\dimen152
\caption@addmargin@linewidth=\dimen153
Package caption Info: wrapfig package is loaded.
) (/usr/share/texlive/texmf-dist/tex/latex/sidecap/sidecap.sty
Package: sidecap 2023/01/24 v1.7a SideCap Package (RN/HjG)
\SC@BOXWD=\dimen154
\SC@CAPWD=\dimen155
\SC@tempdima=\dimen156
\SC@tempdimb=\dimen157
\c@SC@C=\count266
\SC@BOX=\box54
) (/usr/share/texlive/texmf-dist/tex/latex/caption/subcaption.sty
Package: subcaption 2023/02/19 v1.6 Sub-captions (AR)
Package caption Info: New subtype `subfigure' on input line 239.
\c@subfigure=\count267
Package caption Info: New subtype `subtable' on input line 239.
\c@subtable=\count268
) (/usr/share/texlive/texmf-dist/tex/latex/pgf/frontendlayer/tikz.sty (/usr/share/texlive/texmf-dist/tex/latex/pgf/basiclayer/pgf.sty (/usr/share/texlive/texmf-dist/tex/latex/pgf/utilities/pgfrcs.sty (/usr/share/texlive/texmf-dist/tex/generic/pgf/utilities/pgfutil-common.tex
\pgfutil@everybye=\toks20
\pgfutil@tempdima=\dimen158
\pgfutil@tempdimb=\dimen159
) (/usr/share/texlive/texmf-dist/tex/generic/pgf/utilities/pgfutil-latex.def
\pgfutil@abb=\box55
) (/usr/share/texlive/texmf-dist/tex/generic/pgf/utilities/pgfrcs.code.tex (/usr/share/texlive/texmf-dist/tex/generic/pgf/pgf.revision.tex)
Package: pgfrcs 2023-01-15 v3.1.10 (3.1.10)
))
Package: pgf 2023-01-15 v3.1.10 (3.1.10)
 (/usr/share/texlive/texmf-dist/tex/latex/pgf/basiclayer/pgfcore.sty (/usr/share/texlive/texmf-dist/tex/latex/graphics/graphicx.sty
Package: graphicx 2021/09/16 v1.2d Enhanced LaTeX Graphics (DPC,SPQR)
 (/usr/share/texlive/texmf-dist/tex/latex/graphics/graphics.sty
Package: graphics 2022/03/10 v1.4e Standard LaTeX Graphics (DPC,SPQR)
 (/usr/share/texlive/texmf-dist/tex/latex/graphics/trig.sty
Package: trig 2021/08/11 v1.11 sin cos tan (DPC)
) (/usr/share/texlive/texmf-dist/tex/latex/graphics-cfg/graphics.cfg
File: graphics.cfg 2016/06/04 v1.11 sample graphics configuration
)
Package graphics Info: Driver file: pdftex.def on input line 107.
)
\Gin@req@height=\dimen160
\Gin@req@width=\dimen161
) (/usr/share/texlive/texmf-dist/tex/latex/pgf/systemlayer/pgfsys.sty (/usr/share/texlive/texmf-dist/tex/generic/pgf/systemlayer/pgfsys.code.tex
Package: pgfsys 2023-01-15 v3.1.10 (3.1.10)
 (/usr/share/texlive/texmf-dist/tex/generic/pgf/utilities/pgfkeys.code.tex
\pgfkeys@pathtoks=\toks21
\pgfkeys@temptoks=\toks22
 (/usr/share/texlive/texmf-dist/tex/generic/pgf/utilities/pgfkeyslibraryfiltered.code.tex
\pgfkeys@tmptoks=\toks23
))
\pgf@x=\dimen162
\pgf@y=\dimen163
\pgf@xa=\dimen164
\pgf@ya=\dimen165
\pgf@xb=\dimen166
\pgf@yb=\dimen167
\pgf@xc=\dimen168
\pgf@yc=\dimen169
\pgf@xd=\dimen170
\pgf@yd=\dimen171
\w@pgf@writea=\write3
\r@pgf@reada=\read3
\c@pgf@counta=\count269
\c@pgf@countb=\count270
\c@pgf@countc=\count271
\c@pgf@countd=\count272
\t@pgf@toka=\toks24
\t@pgf@tokb=\toks25
\t@pgf@tokc=\toks26
\pgf@sys@id@count=\count273
 (/usr/share/texlive/texmf-dist/tex/generic/pgf/systemlayer/pgf.cfg
File: pgf.cfg 2023-01-15 v3.1.10 (3.1.10)
)
Driver file for pgf: pgfsys-pdftex.def
 (/usr/share/texlive/texmf-dist/tex/generic/pgf/systemlayer/pgfsys-pdftex.def
File: pgfsys-pdftex.def 2023-01-15 v3.1.10 (3.1.10)
 (/usr/share/texlive/texmf-dist/tex/generic/pgf/systemlayer/pgfsys-common-pdf.def
File: pgfsys-common-pdf.def 2023-01-15 v3.1.10 (3.1.10)
))) (/usr/share/texlive/texmf-dist/tex/generic/pgf/systemlayer/pgfsyssoftpath.code.tex
File: pgfsyssoftpath.code.tex 2023-01-15 v3.1.10 (3.1.10)
\pgfsyssoftpath@smallbuffer@items=\count274
\pgfsyssoftpath@bigbuffer@items=\count275
) (/usr/share/texlive/texmf-dist/tex/generic/pgf/systemlayer/pgfsysprotocol.code.tex
File: pgfsysprotocol.code.tex 2023-01-15 v3.1.10 (3.1.10)
)) (/usr/share/texlive/texmf-dist/tex/generic/pgf/basiclayer/pgfcore.code.tex
Package: pgfcore 2023-01-15 v3.1.10 (3.1.10)
 (/usr/share/texlive/texmf-dist/tex/generic/pgf/math/pgfmath.code.tex (/usr/share/texlive/texmf-dist/tex/generic/pgf/math/pgfmathutil.code.tex) (/usr/share/texlive/texmf-dist/tex/generic/pgf/math/pgfmathparser.code.tex
\pgfmath@dimen=\dimen172
\pgfmath@count=\count276
\pgfmath@box=\box56
\pgfmath@toks=\toks27
\pgfmath@stack@operand=\toks28
\pgfmath@stack@operation=\toks29
) (/usr/share/texlive/texmf-dist/tex/generic/pgf/math/pgfmathfunctions.code.tex) (/usr/share/texlive/texmf-dist/tex/generic/pgf/math/pgfmathfunctions.basic.code.tex) (/usr/share/texlive/texmf-dist/tex/generic/pgf/math/pgfmathfunctions.trigonometric.code.tex) (/usr/share/texlive/texmf-dist/tex/generic/pgf/math/pgfmathfunctions.random.code.tex) (/usr/share/texlive/texmf-dist/tex/generic/pgf/math/pgfmathfunctions.comparison.code.tex) (/usr/share/texlive/texmf-dist/tex/generic/pgf/math/pgfmathfunctions.base.code.tex) (/usr/share/texlive/texmf-dist/tex/generic/pgf/math/pgfmathfunctions.round.code.tex) (/usr/share/texlive/texmf-dist/tex/generic/pgf/math/pgfmathfunctions.misc.code.tex) (/usr/share/texlive/texmf-dist/tex/generic/pgf/math/pgfmathfunctions.integerarithmetics.code.tex) (/usr/share/texlive/texmf-dist/tex/generic/pgf/math/pgfmathcalc.code.tex) (/usr/share/texlive/texmf-dist/tex/generic/pgf/math/pgfmathfloat.code.tex
\c@pgfmathroundto@lastzeros=\count277
)) (/usr/share/texlive/texmf-dist/tex/generic/pgf/math/pgfint.code.tex) (/usr/share/texlive/texmf-dist/tex/generic/pgf/basiclayer/pgfcorepoints.code.tex
File: pgfcorepoints.code.tex 2023-01-15 v3.1.10 (3.1.10)
\pgf@picminx=\dimen173
\pgf@picmaxx=\dimen174
\pgf@picminy=\dimen175
\pgf@picmaxy=\dimen176
\pgf@pathminx=\dimen177
\pgf@pathmaxx=\dimen178
\pgf@pathminy=\dimen179
\pgf@pathmaxy=\dimen180
\pgf@xx=\dimen181
\pgf@xy=\dimen182
\pgf@yx=\dimen183
\pgf@yy=\dimen184
\pgf@zx=\dimen185
\pgf@zy=\dimen186
) (/usr/share/texlive/texmf-dist/tex/generic/pgf/basiclayer/pgfcorepathconstruct.code.tex
File: pgfcorepathconstruct.code.tex 2023-01-15 v3.1.10 (3.1.10)
\pgf@path@lastx=\dimen187
\pgf@path@lasty=\dimen188
) (/usr/share/texlive/texmf-dist/tex/generic/pgf/basiclayer/pgfcorepathusage.code.tex
File: pgfcorepathusage.code.tex 2023-01-15 v3.1.10 (3.1.10)
\pgf@shorten@end@additional=\dimen189
\pgf@shorten@start@additional=\dimen190
) (/usr/share/texlive/texmf-dist/tex/generic/pgf/basiclayer/pgfcorescopes.code.tex
File: pgfcorescopes.code.tex 2023-01-15 v3.1.10 (3.1.10)
\pgfpic=\box57
\pgf@hbox=\box58
\pgf@layerbox@main=\box59
\pgf@picture@serial@count=\count278
) (/usr/share/texlive/texmf-dist/tex/generic/pgf/basiclayer/pgfcoregraphicstate.code.tex
File: pgfcoregraphicstate.code.tex 2023-01-15 v3.1.10 (3.1.10)
\pgflinewidth=\dimen191
) (/usr/share/texlive/texmf-dist/tex/generic/pgf/basiclayer/pgfcoretransformations.code.tex
File: pgfcoretransformations.code.tex 2023-01-15 v3.1.10 (3.1.10)
\pgf@pt@x=\dimen192
\pgf@pt@y=\dimen193
\pgf@pt@temp=\dimen194
) (/usr/share/texlive/texmf-dist/tex/generic/pgf/basiclayer/pgfcorequick.code.tex
File: pgfcorequick.code.tex 2023-01-15 v3.1.10 (3.1.10)
) (/usr/share/texlive/texmf-dist/tex/generic/pgf/basiclayer/pgfcoreobjects.code.tex
File: pgfcoreobjects.code.tex 2023-01-15 v3.1.10 (3.1.10)
) (/usr/share/texlive/texmf-dist/tex/generic/pgf/basiclayer/pgfcorepathprocessing.code.tex
File: pgfcorepathprocessing.code.tex 2023-01-15 v3.1.10 (3.1.10)
) (/usr/share/texlive/texmf-dist/tex/generic/pgf/basiclayer/pgfcorearrows.code.tex
File: pgfcorearrows.code.tex 2023-01-15 v3.1.10 (3.1.10)
\pgfarrowsep=\dimen195
) (/usr/share/texlive/texmf-dist/tex/generic/pgf/basiclayer/pgfcoreshade.code.tex
File: pgfcoreshade.code.tex 2023-01-15 v3.1.10 (3.1.10)
\pgf@max=\dimen196
\pgf@sys@shading@range@num=\count279
\pgf@shadingcount=\count280
) (/usr/share/texlive/texmf-dist/tex/generic/pgf/basiclayer/pgfcoreimage.code.tex
File: pgfcoreimage.code.tex 2023-01-15 v3.1.10 (3.1.10)
) (/usr/share/texlive/texmf-dist/tex/generic/pgf/basiclayer/pgfcoreexternal.code.tex
File: pgfcoreexternal.code.tex 2023-01-15 v3.1.10 (3.1.10)
\pgfexternal@startupbox=\box60
) (/usr/share/texlive/texmf-dist/tex/generic/pgf/basiclayer/pgfcorelayers.code.tex
File: pgfcorelayers.code.tex 2023-01-15 v3.1.10 (3.1.10)
) (/usr/share/texlive/texmf-dist/tex/generic/pgf/basiclayer/pgfcoretransparency.code.tex
File: pgfcoretransparency.code.tex 2023-01-15 v3.1.10 (3.1.10)
) (/usr/share/texlive/texmf-dist/tex/generic/pgf/basiclayer/pgfcorepatterns.code.tex
File: pgfcorepatterns.code.tex 2023-01-15 v3.1.10 (3.1.10)
) (/usr/share/texlive/texmf-dist/tex/generic/pgf/basiclayer/pgfcorerdf.code.tex
File: pgfcorerdf.code.tex 2023-01-15 v3.1.10 (3.1.10)
))) (/usr/share/texlive/texmf-dist/tex/generic/pgf/modules/pgfmoduleshapes.code.tex
File: pgfmoduleshapes.code.tex 2023-01-15 v3.1.10 (3.1.10)
\pgfnodeparttextbox=\box61
) (/usr/share/texlive/texmf-dist/tex/generic/pgf/modules/pgfmoduleplot.code.tex
File: pgfmoduleplot.code.tex 2023-01-15 v3.1.10 (3.1.10)
) (/usr/share/texlive/texmf-dist/tex/latex/pgf/compatibility/pgfcomp-version-0-65.sty
Package: pgfcomp-version-0-65 2023-01-15 v3.1.10 (3.1.10)
\pgf@nodesepstart=\dimen197
\pgf@nodesepend=\dimen198
) (/usr/share/texlive/texmf-dist/tex/latex/pgf/compatibility/pgfcomp-version-1-18.sty
Package: pgfcomp-version-1-18 2023-01-15 v3.1.10 (3.1.10)
)) (/usr/share/texlive/texmf-dist/tex/latex/pgf/utilities/pgffor.sty (/usr/share/texlive/texmf-dist/tex/latex/pgf/utilities/pgfkeys.sty (/usr/share/texlive/texmf-dist/tex/generic/pgf/utilities/pgfkeys.code.tex)) (/usr/share/texlive/texmf-dist/tex/latex/pgf/math/pgfmath.sty (/usr/share/texlive/texmf-dist/tex/generic/pgf/math/pgfmath.code.tex)) (/usr/share/texlive/texmf-dist/tex/generic/pgf/utilities/pgffor.code.tex
Package: pgffor 2023-01-15 v3.1.10 (3.1.10)
\pgffor@iter=\dimen199
\pgffor@skip=\dimen256
\pgffor@stack=\toks30
\pgffor@toks=\toks31
)) (/usr/share/texlive/texmf-dist/tex/generic/pgf/frontendlayer/tikz/tikz.code.tex
Package: tikz 2023-01-15 v3.1.10 (3.1.10)
 (/usr/share/texlive/texmf-dist/tex/generic/pgf/libraries/pgflibraryplothandlers.code.tex
File: pgflibraryplothandlers.code.tex 2023-01-15 v3.1.10 (3.1.10)
\pgf@plot@mark@count=\count281
\pgfplotmarksize=\dimen257
)
\tikz@lastx=\dimen258
\tikz@lasty=\dimen259
\tikz@lastxsaved=\dimen260
\tikz@lastysaved=\dimen261
\tikz@lastmovetox=\dimen262
\tikz@lastmovetoy=\dimen263
\tikzleveldistance=\dimen264
\tikzsiblingdistance=\dimen265
\tikz@figbox=\box62
\tikz@figbox@bg=\box63
\tikz@tempbox=\box64
\tikz@tempbox@bg=\box65
\tikztreelevel=\count282
\tikznumberofchildren=\count283
\tikznumberofcurrentchild=\count284
\tikz@fig@count=\count285
 (/usr/share/texlive/texmf-dist/tex/generic/pgf/modules/pgfmodulematrix.code.tex
File: pgfmodulematrix.code.tex 2023-01-15 v3.1.10 (3.1.10)
\pgfmatrixcurrentrow=\count286
\pgfmatrixcurrentcolumn=\count287
\pgf@matrix@numberofcolumns=\count288
)
\tikz@expandcount=\count289
 (/usr/share/texlive/texmf-dist/tex/generic/pgf/frontendlayer/tikz/libraries/tikzlibrarytopaths.code.tex
File: tikzlibrarytopaths.code.tex 2023-01-15 v3.1.10 (3.1.10)
))) (/usr/share/texlive/texmf-dist/tex/latex/tools/calc.sty
Package: calc 2017/05/25 v4.3 Infix arithmetic (KKT,FJ)
\calc@Acount=\count290
\calc@Bcount=\count291
\calc@Adimen=\dimen266
\calc@Bdimen=\dimen267
\calc@Askip=\skip73
\calc@Bskip=\skip74
LaTeX Info: Redefining \setlength on input line 80.
LaTeX Info: Redefining \addtolength on input line 81.
\calc@Ccount=\count292
\calc@Cskip=\skip75
) (/usr/share/texlive/texmf-dist/tex/latex/multirow/multirow.sty
Package: multirow 2021/03/15 v2.8 Span multiple rows of a table
\multirow@colwidth=\skip76
\multirow@cntb=\count293
\multirow@dima=\skip77
\bigstrutjot=\dimen268
) (/usr/share/texlive/texmf-dist/tex/latex/tools/longtable.sty
Package: longtable 2021-09-01 v4.17 Multi-page Table package (DPC)
\LTleft=\skip78
\LTright=\skip79
\LTpre=\skip80
\LTpost=\skip81
\LTchunksize=\count294
\LTcapwidth=\dimen269
\LT@head=\box66
\LT@firsthead=\box67
\LT@foot=\box68
\LT@lastfoot=\box69
\LT@gbox=\box70
\LT@cols=\count295
\LT@rows=\count296
\c@LT@tables=\count297
\c@LT@chunks=\count298
\LT@p@ftn=\toks32
)
Class scrartcl Info: longtable captions redefined on input line 20.
 (/usr/share/texlive/texmf-dist/tex/latex/amscls/amsthm.sty
Package: amsthm 2020/05/29 v2.20.6
\thm@style=\toks33
\thm@bodyfont=\toks34
\thm@headfont=\toks35
\thm@notefont=\toks36
\thm@headpunct=\toks37
\thm@preskip=\skip82
\thm@postskip=\skip83
\thm@headsep=\skip84
\dth@everypar=\toks38
) (/usr/share/texlive/texmf-dist/tex/latex/xpatch/xpatch.sty (/usr/share/texlive/texmf-dist/tex/latex/l3kernel/expl3.sty
Package: expl3 2023-02-22 L3 programming layer (loader) 
 (/usr/share/texlive/texmf-dist/tex/latex/l3backend/l3backend-pdftex.def
File: l3backend-pdftex.def 2023-01-16 L3 backend support: PDF output (pdfTeX)
\l__color_backend_stack_int=\count299
\l__pdf_internal_box=\box71
))
Package: xpatch 2020/03/25 v0.3a Extending etoolbox patching commands
 (/usr/share/texlive/texmf-dist/tex/latex/l3packages/xparse/xparse.sty
Package: xparse 2023-02-02 L3 Experimental document command parser
) (/usr/share/texlive/texmf-dist/tex/latex/etoolbox/etoolbox.sty
Package: etoolbox 2020/10/05 v2.5k e-TeX tools for LaTeX (JAW)
\etb@tempcnta=\count300
))
Class scrartcl Info: amsthm's \deferred@thm@head patched.
 (/usr/share/texlive/texmf-dist/tex/latex/amsmath/amsbsy.sty
Package: amsbsy 1999/11/29 v1.2d Bold Symbols
 (/usr/share/texlive/texmf-dist/tex/latex/amsmath/amsgen.sty
File: amsgen.sty 1999/11/30 v2.0 generic functions
\@emptytoks=\toks39
\ex@=\dimen270
)
\pmbraise@=\dimen271
) (/usr/share/texlive/texmf-dist/tex/latex/geometry/geometry.sty
Package: geometry 2020/01/02 v5.9 Page Geometry
 (/usr/share/texlive/texmf-dist/tex/generic/iftex/ifvtex.sty
Package: ifvtex 2019/10/25 v1.7 ifvtex legacy package. Use iftex instead.
 (/usr/share/texlive/texmf-dist/tex/generic/iftex/iftex.sty
Package: iftex 2022/02/03 v1.0f TeX engine tests
))
\Gm@cnth=\count301
\Gm@cntv=\count302
\c@Gm@tempcnt=\count303
\Gm@bindingoffset=\dimen272
\Gm@wd@mp=\dimen273
\Gm@odd@mp=\dimen274
\Gm@even@mp=\dimen275
\Gm@layoutwidth=\dimen276
\Gm@layoutheight=\dimen277
\Gm@layouthoffset=\dimen278
\Gm@layoutvoffset=\dimen279
\Gm@dimlist=\toks40
) (/usr/share/texlive/texmf-dist/tex/latex/amsfonts/amssymb.sty
Package: amssymb 2013/01/14 v3.01 AMS font symbols
 (/usr/share/texlive/texmf-dist/tex/latex/amsfonts/amsfonts.sty
Package: amsfonts 2013/01/14 v3.01 Basic AMSFonts support
\symAMSa=\mathgroup4
\symAMSb=\mathgroup5
LaTeX Font Info:    Redeclaring math symbol \hbar on input line 98.
LaTeX Font Info:    Overwriting math alphabet `\mathfrak' in version `bold'
(Font)                  U/euf/m/n --> U/euf/b/n on input line 106.
)) (/usr/share/texlive/texmf-dist/tex/latex/tools/array.sty
Package: array 2022/09/04 v2.5g Tabular extension package (FMi)
\col@sep=\dimen280
\ar@mcellbox=\box72
\extrarowheight=\dimen281
\NC@list=\toks41
\extratabsurround=\skip85
\backup@length=\skip86
\ar@cellbox=\box73
) (/usr/share/texlive/texmf-dist/tex/latex/changepage/chngpage.sty
Package: chngpage 2009/10/20 v1.2b change page layout
\c@cp@cnt=\count304
\c@cp@tempcnt=\count305
) (/usr/share/texlive/texmf-dist/tex/latex/tabulary/tabulary.sty
Package: tabulary 2014/06/11 v0.10 tabulary package (DPC)
\TY@count=\count306
\TY@linewidth=\dimen282
\tymin=\dimen283
\tymax=\dimen284
\TY@tablewidth=\dimen285
) (/usr/share/texlive/texmf-dist/tex/latex/amsmath/amsmath.sty
Package: amsmath 2022/04/08 v2.17n AMS math features
\@mathmargin=\skip87

For additional information on amsmath, use the `?' option.
(/usr/share/texlive/texmf-dist/tex/latex/amsmath/amstext.sty
Package: amstext 2021/08/26 v2.01 AMS text
) (/usr/share/texlive/texmf-dist/tex/latex/amsmath/amsopn.sty
Package: amsopn 2022/04/08 v2.04 operator names
)
\inf@bad=\count307
LaTeX Info: Redefining \frac on input line 234.
\uproot@=\count308
\leftroot@=\count309
LaTeX Info: Redefining \overline on input line 399.
LaTeX Info: Redefining \colon on input line 410.
\classnum@=\count310
\DOTSCASE@=\count311
LaTeX Info: Redefining \ldots on input line 496.
LaTeX Info: Redefining \dots on input line 499.
LaTeX Info: Redefining \cdots on input line 620.
\Mathstrutbox@=\box74
\strutbox@=\box75
LaTeX Info: Redefining \big on input line 722.
LaTeX Info: Redefining \Big on input line 723.
LaTeX Info: Redefining \bigg on input line 724.
LaTeX Info: Redefining \Bigg on input line 725.
\big@size=\dimen286
LaTeX Font Info:    Redeclaring font encoding OML on input line 743.
LaTeX Font Info:    Redeclaring font encoding OMS on input line 744.
\macc@depth=\count312
LaTeX Info: Redefining \bmod on input line 905.
LaTeX Info: Redefining \pmod on input line 910.
LaTeX Info: Redefining \smash on input line 940.
LaTeX Info: Redefining \relbar on input line 970.
LaTeX Info: Redefining \Relbar on input line 971.
\c@MaxMatrixCols=\count313
\dotsspace@=\muskip16
\c@parentequation=\count314
\dspbrk@lvl=\count315
\tag@help=\toks42
\row@=\count316
\column@=\count317
\maxfields@=\count318
\andhelp@=\toks43
\eqnshift@=\dimen287
\alignsep@=\dimen288
\tagshift@=\dimen289
\tagwidth@=\dimen290
\totwidth@=\dimen291
\lineht@=\dimen292
\@envbody=\toks44
\multlinegap=\skip88
\multlinetaggap=\skip89
\mathdisplay@stack=\toks45
LaTeX Info: Redefining \[ on input line 2953.
LaTeX Info: Redefining \] on input line 2954.
) (/usr/share/texlive/texmf-dist/tex/latex/tools/xspace.sty
Package: xspace 2014/10/28 v1.13 Space after command names (DPC,MH)
) (/usr/share/texlive/texmf-dist/tex/latex/pdfpages/pdfpages.sty
Package: pdfpages 2022/12/19 v0.5x Insert pages of external PDF documents (AM)
 (/usr/share/texlive/texmf-dist/tex/latex/eso-pic/eso-pic.sty
Package: eso-pic 2020/10/14 v3.0a eso-pic (RN)
\ESO@tempdima=\dimen293
\ESO@tempdimb=\dimen294
)
\AM@pagewidth=\dimen295
\AM@pageheight=\dimen296
\AM@fboxrule=\dimen297
 (/usr/share/texlive/texmf-dist/tex/latex/pdfpages/pppdftex.def
File: pppdftex.def 2022/12/19 v0.5x Pdfpages driver for pdfTeX (AM)
)
\pdfpages@includegraphics@status=\count319
\AM@pagebox=\box76
\AM@global@opts=\toks46
\AM@pagecnt=\count320
\AM@toc@title=\toks47
\AM@lof@heading=\toks48
\c@AM@survey=\count321
\AM@templatesizebox=\box77
) (/usr/share/texlive/texmf-dist/tex/latex/textfit/textfit.sty
Package: textfit 1994/04/15
\mags@f@r=\count322
\desired@size=\dimen298
\r@mainder=\count323
\m@gstepcount=\count324
\m@gsteplimit=\count325
\m@gstepvalue=\count326
\m@gstepdimen=\dimen299
) (/usr/share/texlive/texmf-dist/tex/latex/tabu/tabu.sty
Package: tabu 2019/01/11 v2.9 - flexible LaTeX tabulars (FC+tabu-issues-for-future-maintainer) + intermediate FMi
 (/usr/share/texlive/texmf-dist/tex/latex/varwidth/varwidth.sty
Package: varwidth 2009/03/30 ver 0.92;  Variable-width minipages
\@vwid@box=\box78
\sift@deathcycles=\count327
\@vwid@loff=\dimen300
\@vwid@roff=\dimen301
)
\c@taburow=\count328
\tabu@nbcols=\count329
\tabu@cnt=\count330
\tabu@Xcol=\count331
\tabu@alloc=\count332
\tabu@nested=\count333
\tabu@target=\dimen302
\tabu@spreadtarget=\dimen303
\tabu@naturalX=\dimen304
\tabucolX=\dimen305
\tabu@Xsum=\dimen306
\extrarowdepth=\dimen307
\abovetabulinesep=\dimen308
\belowtabulinesep=\dimen309
\tabustrutrule=\dimen310
\tabu@thebody=\toks49
\tabu@footnotes=\toks50
\tabu@box=\box79
\tabu@arstrutbox=\box80
\tabu@hleads=\box81
\tabu@vleads=\box82
\tabu@cellskip=\skip90
) (/usr/share/texlive/texmf-dist/tex/latex/listings/listings.sty
\lst@mode=\count334
\lst@gtempboxa=\box83
\lst@token=\toks51
\lst@length=\count335
\lst@currlwidth=\dimen311
\lst@column=\count336
\lst@pos=\count337
\lst@lostspace=\dimen312
\lst@width=\dimen313
\lst@newlines=\count338
\lst@lineno=\count339
\lst@maxwidth=\dimen314
 (/usr/share/texlive/texmf-dist/tex/latex/listings/lstmisc.sty
File: lstmisc.sty 2023/02/27 1.9 (Carsten Heinz)
\c@lstnumber=\count340
\lst@skipnumbers=\count341
\lst@framebox=\box84
) (/usr/share/texlive/texmf-dist/tex/latex/listings/listings.cfg
File: listings.cfg 2023/02/27 1.9 listings configuration
))
Package: listings 2023/02/27 1.9 (Carsten Heinz)
 (/usr/share/texlive/texmf-dist/tex/latex/base/fontenc.sty
Package: fontenc 2021/04/29 v2.0v Standard LaTeX package
) (/usr/share/texlive/texmf-dist/tex/latex/psnfss/helvet.sty
Package: helvet 2020/03/25 PSNFSS-v9.3 (WaS) 
) (/usr/share/texlive/texmf-dist/tex/latex/inconsolata/inconsolata.sty
Package: inconsolata 2019/05/17 v1.12
 `inconsolata-zi4' v1.12, 2019/05/17 Text macros for Inconsolata (msharpe) (/usr/share/texlive/texmf-dist/tex/latex/base/textcomp.sty
Package: textcomp 2020/02/02 v2.0n Standard LaTeX package
) (/usr/share/texlive/texmf-dist/tex/latex/xkeyval/xkeyval.sty
Package: xkeyval 2022/06/16 v2.9 package option processing (HA)
 (/usr/share/texlive/texmf-dist/tex/generic/xkeyval/xkeyval.tex (/usr/share/texlive/texmf-dist/tex/generic/xkeyval/xkvutils.tex
\XKV@toks=\toks52
\XKV@tempa@toks=\toks53
)
\XKV@depth=\count342
File: xkeyval.tex 2014/12/03 v2.7a key=value parser (HA)
))
\zifour@ocount=\count343
) (/usr/share/texlive/texmf-dist/tex/latex/glossaries/base/glossaries.sty
Package: glossaries 2022/11/03 v4.52 (NLCT)
 (/usr/share/texlive/texmf-dist/tex/latex/mfirstuc/mfirstuc.sty
Package: mfirstuc 2022/10/14 v2.08 (NLCT)
\@glsmfirst=\toks54
\@glsmrest=\toks55
) (/usr/share/texlive/texmf-dist/tex/latex/xfor/xfor.sty
Package: xfor 2009/02/05 v1.05 (NLCT)
) (/usr/share/texlive/texmf-dist/tex/latex/datatool/datatool-base.sty
Package: datatool-base 2019/09/27 v2.32 (NLCT)
 (/usr/share/texlive/texmf-dist/tex/latex/substr/substr.sty
Package: substr 2009/10/20 v1.2 Handle substrings
\c@su@anzahl=\count344
) (/usr/share/texlive/texmf-dist/tex/latex/datatool/datatool-fp.sty
Package: datatool-fp 2019/09/27 v2.32 (NLCT)
 (/usr/share/texlive/texmf-dist/tex/latex/fp/fp.sty
Package: fp 1995/04/02
 `Fixed Point Package', Version 0.8, April 2, 1995 (C) Michael Mehlich (/usr/share/texlive/texmf-dist/tex/latex/fp/defpattern.sty
Package: defpattern 1994/10/12
\actioncount=\count345
) (/usr/share/texlive/texmf-dist/tex/latex/fp/fp-basic.sty
Package: fp-basic 1996/05/13
\FP@xs=\count346
\FP@xia=\count347
\FP@xib=\count348
\FP@xfa=\count349
\FP@xfb=\count350
\FP@rega=\count351
\FP@regb=\count352
\FP@regs=\count353
\FP@times=\count354
) (/usr/share/texlive/texmf-dist/tex/latex/fp/fp-addons.sty
Package: fp-addons 1995/03/15
) (/usr/share/texlive/texmf-dist/tex/latex/fp/fp-snap.sty
Package: fp-snap 1995/04/05
) (/usr/share/texlive/texmf-dist/tex/latex/fp/fp-exp.sty
Package: fp-exp 1995/04/03
) (/usr/share/texlive/texmf-dist/tex/latex/fp/fp-trigo.sty
Package: fp-trigo 1995/04/14
) (/usr/share/texlive/texmf-dist/tex/latex/fp/fp-pas.sty
Package: fp-pas 1994/08/29
) (/usr/share/texlive/texmf-dist/tex/latex/fp/fp-random.sty
Package: fp-random 1995/02/23
\FPseed=\count355
) (/usr/share/texlive/texmf-dist/tex/latex/fp/fp-eqn.sty
Package: fp-eqn 1995/04/03
) (/usr/share/texlive/texmf-dist/tex/latex/fp/fp-upn.sty
Package: fp-upn 1996/10/21
) (/usr/share/texlive/texmf-dist/tex/latex/fp/fp-eval.sty
Package: fp-eval 1995/04/03
)))
\@dtl@toks=\toks56
\@dtl@tmpcount=\count356
\dtl@tmplength=\skip91
\dtl@sortresult=\count357
\@dtl@numgrpsepcount=\count358
\@dtl@datatype=\count359
\dtl@codeA=\count360
\dtl@codeB=\count361
\@dtl@foreach@level=\count362
) (/usr/share/texlive/texmf-dist/tex/latex/tracklang/tracklang.sty
Package: tracklang 2022/12/13 v1.6.1 (NLCT) Track Languages
 (/usr/share/texlive/texmf-dist/tex/generic/tracklang/tracklang.tex)) (/usr/share/texlive/texmf-dist/tex/latex/translator/translator.sty
Package: translator 2021-05-31 v1.12d Easy translation of strings in LaTeX
)

Package glossaries Warning: No language module detected for `ngerman'.
(glossaries)                Language modules need to be installed separately.
(glossaries)                Please check on CTAN for a bundle called
(glossaries)                `glossaries-german' or similar.

\gls@level=\count363
\@gls@tmpb=\toks57
\gls@tmplen=\skip92
\glskeylisttok=\toks58
\glslabeltok=\toks59
\glsshorttok=\toks60
\glslongtok=\toks61
(/usr/share/texlive/texmf-dist/tex/latex/glossaries/styles/glossary-hypernav.sty
Package: glossary-hypernav 2022/11/03 v4.52 (NLCT)
) (/usr/share/texlive/texmf-dist/tex/latex/glossaries/styles/glossary-list.sty
Package: glossary-list 2022/11/03 v4.52 (NLCT)
\glslistdottedwidth=\skip93
) (/usr/share/texlive/texmf-dist/tex/latex/glossaries/styles/glossary-long.sty
Package: glossary-long 2022/11/03 v4.52 (NLCT)
\glsdescwidth=\skip94
\glspagelistwidth=\skip95
) (/usr/share/texlive/texmf-dist/tex/latex/glossaries/styles/glossary-super.sty
Package: glossary-super 2022/11/03 v4.52 (NLCT)
 (/usr/share/texlive/texmf-dist/tex/latex/supertabular/supertabular.sty
Package: supertabular 2020/02/02 v4.1g the supertabular environment
\c@tracingst=\count364
\ST@wd=\dimen315
\ST@rightskip=\skip96
\ST@leftskip=\skip97
\ST@parfillskip=\skip98
\ST@pageleft=\dimen316
\ST@headht=\dimen317
\ST@tailht=\dimen318
\ST@pagesofar=\dimen319
\ST@pboxht=\dimen320
\ST@lineht=\dimen321
\ST@prevht=\dimen322
\ST@toadd=\dimen323
\ST@dimen=\dimen324
\ST@pbox=\box85
)) (/usr/share/texlive/texmf-dist/tex/latex/glossaries/styles/glossary-tree.sty
Package: glossary-tree 2022/11/03 v4.52 (NLCT)
\glstreeindent=\skip99
)) (/usr/share/texlive/texmf-dist/tex/latex/docmute/docmute.sty
Package: docmute 2012/03/22 v1.4 Input stand-alone documents
) (/usr/share/texlive/texmf-dist/tex/latex/tcolorbox/tcolorbox.sty
Package: tcolorbox 2023/03/17 version 6.0.3 text color boxes
 (/usr/share/texlive/texmf-dist/tex/latex/tools/verbatim.sty
Package: verbatim 2022-07-02 v1.5u LaTeX2e package for verbatim enhancements
\every@verbatim=\toks62
\verbatim@line=\toks63
\verbatim@in@stream=\read4
) (/usr/share/texlive/texmf-dist/tex/latex/environ/environ.sty
Package: environ 2014/05/04 v0.3 A new way to define environments
 (/usr/share/texlive/texmf-dist/tex/latex/trimspaces/trimspaces.sty
Package: trimspaces 2009/09/17 v1.1 Trim spaces around a token list
))
\tcb@titlebox=\box86
\tcb@upperbox=\box87
\tcb@lowerbox=\box88
\tcb@phantombox=\box89
\c@tcbbreakpart=\count365
\c@tcblayer=\count366
\c@tcolorbox@number=\count367
\tcb@temp=\box90
\tcb@temp=\box91
\tcb@temp=\box92
\tcb@temp=\box93
 (/usr/share/texlive/texmf-dist/tex/latex/tcolorbox/tcbraster.code.tex
Library (tcolorbox): 'tcbraster.code.tex' version '6.0.3'
\c@tcbrastercolumn=\count368
\c@tcbrasterrow=\count369
\c@tcbrasternum=\count370
\c@tcbraster=\count371
) (/usr/share/texlive/texmf-dist/tex/latex/tcolorbox/tcbskins.code.tex
Library (tcolorbox): 'tcbskins.code.tex' version '6.0.3'
(/usr/share/texlive/texmf-dist/tex/latex/tikzfill/tikzfill.image.sty
Package: tikzfill.image 2022/07/20 v1.0.0 Image filling library for TikZ
 (/usr/share/texlive/texmf-dist/tex/latex/tikzfill/tikzfill-common.sty
Package: tikzfill-common 2022/07/20 v1.0.0 Auxiliary code for tikzfill
) (/usr/share/texlive/texmf-dist/tex/latex/tikzfill/tikzlibraryfill.image.code.tex
File: tikzlibraryfill.image.code.tex 2022/07/20 v1.0.0 Image filling library
\l__tikzfill_img_box=\box94
)) (/usr/share/texlive/texmf-dist/tex/latex/tcolorbox/tcbskinsjigsaw.code.tex
Library (tcolorbox): 'tcbskinsjigsaw.code.tex' version '6.0.3'
)) (/usr/share/texlive/texmf-dist/tex/latex/tcolorbox/tcbbreakable.code.tex
Library (tcolorbox): 'tcbbreakable.code.tex' version '6.0.3'
(/usr/share/texlive/texmf-dist/tex/latex/pdfcol/pdfcol.sty
Package: pdfcol 2022-09-21 v1.7 Handle new color stacks for pdfTeX (HO)
 (/usr/share/texlive/texmf-dist/tex/generic/infwarerr/infwarerr.sty
Package: infwarerr 2019/12/03 v1.5 Providing info/warning/error messages (HO)
))
Package pdfcol Info: New color stack `tcb@breakable' = 1 on input line 23.
\tcb@testbox=\box95
\tcb@totalupperbox=\box96
\tcb@totallowerbox=\box97
) (/usr/share/texlive/texmf-dist/tex/latex/tcolorbox/tcbhooks.code.tex
Library (tcolorbox): 'tcbhooks.code.tex' version '6.0.3'
) (/usr/share/texlive/texmf-dist/tex/latex/tcolorbox/tcbtheorems.code.tex
Library (tcolorbox): 'tcbtheorems.code.tex' version '6.0.3'
) (/usr/share/texlive/texmf-dist/tex/latex/tcolorbox/tcbfitting.code.tex
Library (tcolorbox): 'tcbfitting.code.tex' version '6.0.3'
\tcbfitdim=\dimen325
\tcb@lowerfitdim=\dimen326
\tcb@upperfitdim=\dimen327
\tcb@cur@hbadness=\count372
) (/usr/share/texlive/texmf-dist/tex/latex/tcolorbox/tcblistingsutf8.code.tex
Library (tcolorbox): 'tcblistingsutf8.code.tex' version '6.0.3'
(/usr/share/texlive/texmf-dist/tex/latex/tcolorbox/tcblistings.code.tex
Library (tcolorbox): 'tcblistings.code.tex' version '6.0.3'
(/usr/share/texlive/texmf-dist/tex/latex/tcolorbox/tcblistingscore.code.tex
Library (tcolorbox): 'tcblistingscore.code.tex' version '6.0.3'
(/usr/share/texlive/texmf-dist/tex/latex/tcolorbox/tcbprocessing.code.tex
Library (tcolorbox): 'tcbprocessing.code.tex' version '6.0.3'
(/usr/share/texlive/texmf-dist/tex/generic/pdftexcmds/pdftexcmds.sty
Package: pdftexcmds 2020-06-27 v0.33 Utility functions of pdfTeX for LuaTeX (HO)
Package pdftexcmds Info: \pdf@primitive is available.
Package pdftexcmds Info: \pdf@ifprimitive is available.
Package pdftexcmds Info: \pdfdraftmode found.
) (/usr/share/texlive/texmf-dist/tex/latex/tools/shellesc.sty
Package: shellesc 2019/11/08 v1.0c unified shell escape interface for LaTeX
Package shellesc Info: Restricted shell escape enabled on input line 77.
))
\c@tcblisting=\count373
)) (/usr/share/texlive/texmf-dist/tex/latex/listingsutf8/listingsutf8.sty
Package: listingsutf8 2019-12-10 v1.5 Allow UTF-8 in listings input (HO)
 (/usr/share/texlive/texmf-dist/tex/generic/stringenc/stringenc.sty
Package: stringenc 2019/11/29 v1.12 Convert strings between diff. encodings (HO)
 (/usr/share/texlive/texmf-dist/tex/generic/pdfescape/pdfescape.sty
Package: pdfescape 2019/12/09 v1.15 Implements pdfTeX's escape features (HO)
)))) (/usr/share/texlive/texmf-dist/tex/latex/tcolorbox/tcbexternal.code.tex
Library (tcolorbox): 'tcbexternal.code.tex' version '6.0.3'
) (/usr/share/texlive/texmf-dist/tex/latex/tcolorbox/tcbmagazine.code.tex
Library (tcolorbox): 'tcbmagazine.code.tex' version '6.0.3'
) (/usr/share/texlive/texmf-dist/tex/latex/tcolorbox/tcbvignette.code.tex
Library (tcolorbox): 'tcbvignette.code.tex' version '6.0.3'
(/usr/share/texlive/texmf-dist/tex/generic/pgf/frontendlayer/tikz/libraries/tikzlibraryfadings.code.tex
File: tikzlibraryfadings.code.tex 2023-01-15 v3.1.10 (3.1.10)
 (/usr/share/texlive/texmf-dist/tex/generic/pgf/libraries/pgflibraryfadings.code.tex
File: pgflibraryfadings.code.tex 2023-01-15 v3.1.10 (3.1.10)
))) (/usr/share/texlive/texmf-dist/tex/latex/tcolorbox/tcbposter.code.tex
Library (tcolorbox): 'tcbposter.code.tex' version '6.0.3'
)) (/usr/share/texlive/texmf-dist/tex/latex/hyperref/hyperref.sty
Package: hyperref 2023-02-07 v7.00v Hypertext links for LaTeX
 (/usr/share/texlive/texmf-dist/tex/generic/kvdefinekeys/kvdefinekeys.sty
Package: kvdefinekeys 2019-12-19 v1.6 Define keys (HO)
) (/usr/share/texlive/texmf-dist/tex/latex/hycolor/hycolor.sty
Package: hycolor 2020-01-27 v1.10 Color options for hyperref/bookmark (HO)
) (/usr/share/texlive/texmf-dist/tex/latex/letltxmacro/letltxmacro.sty
Package: letltxmacro 2019/12/03 v1.6 Let assignment for LaTeX macros (HO)
) (/usr/share/texlive/texmf-dist/tex/latex/auxhook/auxhook.sty
Package: auxhook 2019-12-17 v1.6 Hooks for auxiliary files (HO)


Package auxhook Warning: Cannot patch \document,
(auxhook)                using \AtBeginDocument instead.

) (/usr/share/texlive/texmf-dist/tex/latex/hyperref/nameref.sty
Package: nameref 2022-05-17 v2.50 Cross-referencing by name of section
 (/usr/share/texlive/texmf-dist/tex/latex/refcount/refcount.sty
Package: refcount 2019/12/15 v3.6 Data extraction from label references (HO)
) (/usr/share/texlive/texmf-dist/tex/generic/gettitlestring/gettitlestring.sty
Package: gettitlestring 2019/12/15 v1.6 Cleanup title references (HO)
)
\c@section@level=\count374
)
\@linkdim=\dimen328
\Hy@linkcounter=\count375
\Hy@pagecounter=\count376
 (/usr/share/texlive/texmf-dist/tex/latex/hyperref/pd1enc.def
File: pd1enc.def 2023-02-07 v7.00v Hyperref: PDFDocEncoding definition (HO)
Now handling font encoding PD1 ...
... no UTF-8 mapping file for font encoding PD1
) (/usr/share/texlive/texmf-dist/tex/generic/intcalc/intcalc.sty
Package: intcalc 2019/12/15 v1.3 Expandable calculations with integers (HO)
) (/usr/share/texlive/texmf-dist/tex/generic/etexcmds/etexcmds.sty
Package: etexcmds 2019/12/15 v1.7 Avoid name clashes with e-TeX commands (HO)
)
\Hy@SavedSpaceFactor=\count377
 (/usr/share/texlive/texmf-dist/tex/latex/hyperref/puenc.def
File: puenc.def 2023-02-07 v7.00v Hyperref: PDF Unicode definition (HO)
Now handling font encoding PU ...
... no UTF-8 mapping file for font encoding PU
)
Package hyperref Info: Hyper figures OFF on input line 4177.
Package hyperref Info: Link nesting OFF on input line 4182.
Package hyperref Info: Hyper index ON on input line 4185.
Package hyperref Info: Plain pages OFF on input line 4192.
Package hyperref Info: Backreferencing OFF on input line 4197.
Package hyperref Info: Implicit mode ON; LaTeX internals redefined.
Package hyperref Info: Bookmarks ON on input line 4425.
\c@Hy@tempcnt=\count378
 (/usr/share/texlive/texmf-dist/tex/latex/url/url.sty
\Urlmuskip=\muskip17
Package: url 2013/09/16  ver 3.4  Verb mode for urls, etc.
)
LaTeX Info: Redefining \url on input line 4763.
\XeTeXLinkMargin=\dimen329
 (/usr/share/texlive/texmf-dist/tex/generic/bitset/bitset.sty
Package: bitset 2019/12/09 v1.3 Handle bit-vector datatype (HO)
 (/usr/share/texlive/texmf-dist/tex/generic/bigintcalc/bigintcalc.sty
Package: bigintcalc 2019/12/15 v1.5 Expandable calculations on big integers (HO)
))
\Fld@menulength=\count379
\Field@Width=\dimen330
\Fld@charsize=\dimen331
Package hyperref Info: Hyper figures OFF on input line 6042.
Package hyperref Info: Link nesting OFF on input line 6047.
Package hyperref Info: Hyper index ON on input line 6050.
Package hyperref Info: backreferencing OFF on input line 6057.
Package hyperref Info: Link coloring OFF on input line 6062.
Package hyperref Info: Link coloring with OCG OFF on input line 6067.
Package hyperref Info: PDF/A mode OFF on input line 6072.
 (/usr/share/texlive/texmf-dist/tex/latex/base/atbegshi-ltx.sty
Package: atbegshi-ltx 2021/01/10 v1.0c Emulation of the original atbegshi
package with kernel methods
)
\Hy@abspage=\count380
\c@Item=\count381
\c@Hfootnote=\count382
)
Package hyperref Info: Driver (autodetected): hpdftex.
 (/usr/share/texlive/texmf-dist/tex/latex/hyperref/hpdftex.def
File: hpdftex.def 2023-02-07 v7.00v Hyperref driver for pdfTeX
 (/usr/share/texlive/texmf-dist/tex/latex/base/atveryend-ltx.sty
Package: atveryend-ltx 2020/08/19 v1.0a Emulation of the original atveryend package
with kernel methods
)
\Fld@listcount=\count383
\c@bookmark@seq@number=\count384
 (/usr/share/texlive/texmf-dist/tex/latex/rerunfilecheck/rerunfilecheck.sty
Package: rerunfilecheck 2022-07-10 v1.10 Rerun checks for auxiliary files (HO)
 (/usr/share/texlive/texmf-dist/tex/generic/uniquecounter/uniquecounter.sty
Package: uniquecounter 2019/12/15 v1.4 Provide unlimited unique counter (HO)
)
Package uniquecounter Info: New unique counter `rerunfilecheck' on input line 285.
)
\Hy@SectionHShift=\skip100
) (/usr/share/texlive/texmf-dist/tex/latex/adjustbox/adjustbox.sty
Package: adjustbox 2022/10/17 v1.3a Adjusting TeX boxes (trim, clip, ...)
 (/usr/share/texlive/texmf-dist/tex/latex/adjustbox/adjcalc.sty
Package: adjcalc 2012/05/16 v1.1 Provides advanced setlength with multiple back-ends (calc, etex, pgfmath)
) (/usr/share/texlive/texmf-dist/tex/latex/adjustbox/trimclip.sty
Package: trimclip 2020/08/19 v1.2 Trim and clip general TeX material
 (/usr/share/texlive/texmf-dist/tex/latex/collectbox/collectbox.sty
Package: collectbox 2022/10/17 v0.4c Collect macro arguments as boxes
\collectedbox=\box98
)
\tc@llx=\dimen332
\tc@lly=\dimen333
\tc@urx=\dimen334
\tc@ury=\dimen335
Package trimclip Info: Using driver 'tc-pdftex.def'.
 (/usr/share/texlive/texmf-dist/tex/latex/adjustbox/tc-pdftex.def
File: tc-pdftex.def 2019/01/04 v2.2 Clipping driver for pdftex
))
\adjbox@Width=\dimen336
\adjbox@Height=\dimen337
\adjbox@Depth=\dimen338
\adjbox@Totalheight=\dimen339
\adjbox@pwidth=\dimen340
\adjbox@pheight=\dimen341
\adjbox@pdepth=\dimen342
\adjbox@ptotalheight=\dimen343
 (/usr/share/texlive/texmf-dist/tex/latex/ifoddpage/ifoddpage.sty
Package: ifoddpage 2022/10/18 v1.2 Conditionals for odd/even page detection
\c@checkoddpage=\count385
LaTeX Info: Redefining \checkoddpage on input line 45.
)) (/usr/share/texlive/texmf-dist/tex/latex/biblatex/biblatex.sty
Package: biblatex 2024/03/21 v3.20 programmable bibliographies (PK/MW)
 (/usr/share/texlive/texmf-dist/tex/latex/logreq/logreq.sty
Package: logreq 2010/08/04 v1.0 xml request logger
\lrq@indent=\count386
 (/usr/share/texlive/texmf-dist/tex/latex/logreq/logreq.def
File: logreq.def 2010/08/04 v1.0 logreq spec v1.0
))
\c@tabx@nest=\count387
\c@listtotal=\count388
\c@listcount=\count389
\c@liststart=\count390
\c@liststop=\count391
\c@citecount=\count392
\c@citetotal=\count393
\c@multicitecount=\count394
\c@multicitetotal=\count395
\c@instcount=\count396
\c@maxnames=\count397
\c@minnames=\count398
\c@maxitems=\count399
\c@minitems=\count400
\c@citecounter=\count401
\c@maxcitecounter=\count402
\c@savedcitecounter=\count403
\c@uniquelist=\count404
\c@uniquename=\count405
\c@refsection=\count406
\c@refsegment=\count407
\c@maxextratitle=\count408
\c@maxextratitleyear=\count409
\c@maxextraname=\count410
\c@maxextradate=\count411
\c@maxextraalpha=\count412
\c@abbrvpenalty=\count413
\c@highnamepenalty=\count414
\c@lownamepenalty=\count415
\c@maxparens=\count416
\c@parenlevel=\count417
\blx@tempcnta=\count418
\blx@tempcntb=\count419
\blx@tempcntc=\count420
\c@blx@maxsection=\count421
\blx@maxsegment@0=\count422
\blx@notetype=\count423
\blx@parenlevel@text=\count424
\blx@parenlevel@foot=\count425
\blx@sectionciteorder@0=\count426
\blx@sectionciteorderinternal@0=\count427
\blx@entrysetcounter=\count428
\blx@biblioinstance=\count429
\labelnumberwidth=\skip101
\labelalphawidth=\skip102
\biblabelsep=\skip103
\bibitemsep=\skip104
\bibnamesep=\skip105
\bibinitsep=\skip106
\bibparsep=\skip107
\bibhang=\skip108
\blx@bcfin=\read5
\blx@bcfout=\write4
\blx@langwohyphens=\language49
\c@mincomprange=\count430
\c@maxcomprange=\count431
\c@mincompwidth=\count432
Package biblatex Info: Trying to load biblatex default data model...
Package biblatex Info: ... file 'blx-dm.def' found.
 (/usr/share/texlive/texmf-dist/tex/latex/biblatex/blx-dm.def
File: blx-dm.def 2024/03/21 v3.20 biblatex datamodel (PK/MW)
)
Package biblatex Info: Trying to load biblatex style data model...
Package biblatex Info: ... file 'alphabetic.dbx' not found.
Package biblatex Info: Trying to load biblatex custom data model...
Package biblatex Info: ... file 'biblatex-dm.cfg' not found.
\c@afterword=\count433
\c@savedafterword=\count434
\c@annotator=\count435
\c@savedannotator=\count436
\c@author=\count437
\c@savedauthor=\count438
\c@bookauthor=\count439
\c@savedbookauthor=\count440
\c@commentator=\count441
\c@savedcommentator=\count442
\c@editor=\count443
\c@savededitor=\count444
\c@editora=\count445
\c@savededitora=\count446
\c@editorb=\count447
\c@savededitorb=\count448
\c@editorc=\count449
\c@savededitorc=\count450
\c@foreword=\count451
\c@savedforeword=\count452
\c@holder=\count453
\c@savedholder=\count454
\c@introduction=\count455
\c@savedintroduction=\count456
\c@namea=\count457
\c@savednamea=\count458
\c@nameb=\count459
\c@savednameb=\count460
\c@namec=\count461
\c@savednamec=\count462
\c@translator=\count463
\c@savedtranslator=\count464
\c@shortauthor=\count465
\c@savedshortauthor=\count466
\c@shorteditor=\count467
\c@savedshorteditor=\count468
\c@labelname=\count469
\c@savedlabelname=\count470
\c@institution=\count471
\c@savedinstitution=\count472
\c@lista=\count473
\c@savedlista=\count474
\c@listb=\count475
\c@savedlistb=\count476
\c@listc=\count477
\c@savedlistc=\count478
\c@listd=\count479
\c@savedlistd=\count480
\c@liste=\count481
\c@savedliste=\count482
\c@listf=\count483
\c@savedlistf=\count484
\c@location=\count485
\c@savedlocation=\count486
\c@organization=\count487
\c@savedorganization=\count488
\c@origlocation=\count489
\c@savedoriglocation=\count490
\c@origpublisher=\count491
\c@savedorigpublisher=\count492
\c@publisher=\count493
\c@savedpublisher=\count494
\c@language=\count495
\c@savedlanguage=\count496
\c@origlanguage=\count497
\c@savedoriglanguage=\count498
\c@pageref=\count499
\c@savedpageref=\count500
\shorthandwidth=\skip109
\shortjournalwidth=\skip110
\shortserieswidth=\skip111
\shorttitlewidth=\skip112
\shortauthorwidth=\skip113
\shorteditorwidth=\skip114
\locallabelnumberwidth=\skip115
\locallabelalphawidth=\skip116
\localshorthandwidth=\skip117
\localshortjournalwidth=\skip118
\localshortserieswidth=\skip119
\localshorttitlewidth=\skip120
\localshortauthorwidth=\skip121
\localshorteditorwidth=\skip122
Package biblatex Info: Trying to load compatibility code...
Package biblatex Info: ... file 'blx-compat.def' found.
 (/usr/share/texlive/texmf-dist/tex/latex/biblatex/blx-compat.def
File: blx-compat.def 2024/03/21 v3.20 biblatex compatibility (PK/MW)
)
Package biblatex Info: Trying to load generic definitions...
Package biblatex Info: ... file 'biblatex.def' found.
 (/usr/share/texlive/texmf-dist/tex/latex/biblatex/biblatex.def
File: biblatex.def 2024/03/21 v3.20 biblatex compatibility (PK/MW)
\c@textcitecount=\count501
\c@textcitetotal=\count502
\c@textcitemaxnames=\count503
\c@biburlbigbreakpenalty=\count504
\c@biburlbreakpenalty=\count505
\c@biburlnumpenalty=\count506
\c@biburlucpenalty=\count507
\c@biburllcpenalty=\count508
\biburlbigskip=\muskip18
\biburlnumskip=\muskip19
\biburlucskip=\muskip20
\biburllcskip=\muskip21
\c@smartand=\count509
)
Package biblatex Info: Trying to load bibliography style 'alphabetic'...
Package biblatex Info: ... file 'alphabetic.bbx' found.
 (/usr/share/texlive/texmf-dist/tex/latex/biblatex/bbx/alphabetic.bbx
File: alphabetic.bbx 2024/03/21 v3.20 biblatex bibliography style (PK/MW)
Package biblatex Info: Trying to load bibliography style 'standard'...
Package biblatex Info: ... file 'standard.bbx' found.
 (/usr/share/texlive/texmf-dist/tex/latex/biblatex/bbx/standard.bbx
File: standard.bbx 2024/03/21 v3.20 biblatex bibliography style (PK/MW)
\c@bbx:relatedcount=\count510
\c@bbx:relatedtotal=\count511
))
Package biblatex Info: Trying to load citation style 'alphabetic'...
Package biblatex Info: ... file 'alphabetic.cbx' found.
 (/usr/share/texlive/texmf-dist/tex/latex/biblatex/cbx/alphabetic.cbx
File: alphabetic.cbx 2024/03/21 v3.20 biblatex citation style (PK/MW)
Package biblatex Info: Redefining '\cite'.
Package biblatex Info: Redefining '\parencite'.
Package biblatex Info: Redefining '\footcite'.
Package biblatex Info: Redefining '\footcitetext'.
Package biblatex Info: Redefining '\smartcite'.
Package biblatex Info: Redefining '\textcite'.
Package biblatex Info: Redefining '\textcites'.
Package biblatex Info: Redefining '\cites'.
Package biblatex Info: Redefining '\parencites'.
Package biblatex Info: Redefining '\smartcites'.
)
Package biblatex Info: Trying to load configuration file...
Package biblatex Info: ... file 'biblatex.cfg' found.
 (/usr/share/texlive/texmf-dist/tex/latex/biblatex/biblatex.cfg
File: biblatex.cfg 
)
Package biblatex Info: Input encoding 'utf8' detected.
Package biblatex Info: Document encoding is UTF8 ....
Package biblatex Info: ... and expl3
(biblatex)             2023-02-22 L3 programming layer (loader) 
(biblatex)             is new enough (at least 2020/04/06),
(biblatex)             setting 'casechanger=expl3'.
 (/usr/share/texlive/texmf-dist/tex/latex/biblatex/blx-case-expl3.sty
Package: blx-case-expl3 2024/03/21 v3.20 expl3 case changing code for biblatex
))
Package biblatex Info: Delimiter 'nametitledelim' in context '' already defined, overwriting on input line 60.
) (./../00_LATdef/DocSettings.tex
\c@MsNr=\count512
 (/usr/share/texlive/texmf-dist/tex/latex/listings/lstlang1.sty
File: lstlang1.sty 2023/02/27 1.9 listings language file
) (/usr/share/texlive/texmf-dist/tex/latex/listings/lstmisc.sty
File: lstmisc.sty 2023/02/27 1.9 (Carsten Heinz)
))

Package biblatex Warning: 'babel/polyglossia' detected but 'csquotes' missing.
(biblatex)                Loading 'csquotes' recommended.

\@quotelevel=\count513
\@quotereset=\count514
LaTeX Font Info:    Trying to load font information for T1+phv on input line 23.
(/usr/share/texlive/texmf-dist/tex/latex/psnfss/t1phv.fd
File: t1phv.fd 2020/03/25 scalable font definitions for T1/phv.
)
LaTeX Font Info:    Font shape `T1/phv/m/n' will be
(Font)              scaled to size 11.39996pt on input line 23.


LaTeX Warning: Unused global option(s):
    [xcolor].

(%OUTDIR%/DA_Diplomand_1.aux)
\openout1 = `DA_Diplomand_1.aux'.

LaTeX Font Info:    Checking defaults for OML/cmm/m/it on input line 23.
LaTeX Font Info:    ... okay on input line 23.
LaTeX Font Info:    Checking defaults for OMS/cmsy/m/n on input line 23.
LaTeX Font Info:    ... okay on input line 23.
LaTeX Font Info:    Checking defaults for OT1/cmr/m/n on input line 23.
LaTeX Font Info:    ... okay on input line 23.
LaTeX Font Info:    Checking defaults for T1/cmr/m/n on input line 23.
LaTeX Font Info:    ... okay on input line 23.
LaTeX Font Info:    Checking defaults for TS1/cmr/m/n on input line 23.
LaTeX Font Info:    ... okay on input line 23.
LaTeX Font Info:    Checking defaults for OMX/cmex/m/n on input line 23.
LaTeX Font Info:    ... okay on input line 23.
LaTeX Font Info:    Checking defaults for U/cmr/m/n on input line 23.
LaTeX Font Info:    ... okay on input line 23.
LaTeX Font Info:    Checking defaults for PD1/pdf/m/n on input line 23.
LaTeX Font Info:    ... okay on input line 23.
LaTeX Font Info:    Checking defaults for PU/pdf/m/n on input line 23.
LaTeX Font Info:    ... okay on input line 23.
 (/usr/share/texlive/texmf-dist/tex/context/base/mkii/supp-pdf.mkii
[Loading MPS to PDF converter (version 2006.09.02).]
\scratchcounter=\count515
\scratchdimen=\dimen344
\scratchbox=\box99
\nofMPsegments=\count516
\nofMParguments=\count517
\everyMPshowfont=\toks64
\MPscratchCnt=\count518
\MPscratchDim=\dimen345
\MPnumerator=\count519
\makeMPintoPDFobject=\count520
\everyMPtoPDFconversion=\toks65
) (/usr/share/texlive/texmf-dist/tex/latex/epstopdf-pkg/epstopdf-base.sty
Package: epstopdf-base 2020-01-24 v2.11 Base part for package epstopdf
Package epstopdf-base Info: Redefining graphics rule for `.eps' on input line 485.
 (/usr/share/texlive/texmf-dist/tex/latex/latexconfig/epstopdf-sys.cfg
File: epstopdf-sys.cfg 2010/07/13 v1.3 Configuration of (r)epstopdf for TeX Live
))
Package caption Info: Begin \AtBeginDocument code.
Package caption Info: hyperref package is loaded.
Package caption Info: listings package is loaded.
Package caption Info: longtable package is loaded.
 (/usr/share/texlive/texmf-dist/tex/latex/caption/ltcaption.sty
Package: ltcaption 2021/01/08 v1.4c longtable captions (AR)
)
Package caption Info: sidecap package is loaded.
Package caption Info: supertabular package is loaded.
Package caption Info: End \AtBeginDocument code.
 (/usr/share/texlive/texmf-dist/tex/latex/ragged2e/ragged2e.sty
Package: ragged2e 2023/02/25 v3.4 ragged2e Package
\CenteringLeftskip=\skip123
\RaggedLeftLeftskip=\skip124
\RaggedRightLeftskip=\skip125
\CenteringRightskip=\skip126
\RaggedLeftRightskip=\skip127
\RaggedRightRightskip=\skip128
\CenteringParfillskip=\skip129
\RaggedLeftParfillskip=\skip130
\RaggedRightParfillskip=\skip131
\JustifyingParfillskip=\skip132
\CenteringParindent=\skip133
\RaggedLeftParindent=\skip134
\RaggedRightParindent=\skip135
\JustifyingParindent=\skip136
)
*geometry* driver: auto-detecting
*geometry* detected driver: pdftex
*geometry* verbose mode - [ preamble ] result:
* driver: pdftex
* paper: a4paper
* layout: <same size as paper>
* layoutoffset:(h,v)=(0.0pt,0.0pt)
* modes: 
* h-part:(L,W,R)=(89.62709pt, 418.25368pt, 89.6271pt)
* v-part:(T,H,B)=(101.40665pt, 591.5302pt, 152.11pt)
* \paperwidth=597.50787pt
* \paperheight=845.04684pt
* \textwidth=455.24408pt
* \textheight=660.10384pt
* \oddsidemargin=11.38092pt
* \evensidemargin=11.38092pt
* \topmargin=-48.36958pt
* \headheight=18.125pt
* \headsep=34.14322pt
* \topskip=12.0pt
* \footskip=35.0pt
* \marginparwidth=0.0pt
* \marginparsep=0.0pt
* \columnsep=10.0pt
* \skip\footins=10.8pt plus 4.0pt minus 2.0pt
* \hoffset=-12.0pt
* \voffset=0.0pt
* \mag=1000
* \@twocolumnfalse
* \@twosidefalse
* \@mparswitchfalse
* \@reversemarginfalse
* (1in=72.27pt=25.4mm, 1cm=28.453pt)

(/usr/share/texlive/texmf-dist/tex/latex/pdflscape/pdflscape.sty
Package: pdflscape 2022-10-27 v0.13 Display of landscape pages in PDF
 (/usr/share/texlive/texmf-dist/tex/latex/pdflscape/pdflscape-nometadata.sty
Package: pdflscape-nometadata 2022-10-28 v0.13 Display of landscape pages in PDF (HO)
 (/usr/share/texlive/texmf-dist/tex/latex/graphics/lscape.sty
Package: lscape 2020/05/28 v3.02 Landscape Pages (DPC)
)
Package pdflscape Info: Auto-detected driver: pdftex on input line 81.
))
\c@lstlisting=\count521
 (/usr/share/texlive/texmf-dist/tex/latex/upquote/upquote.sty
Package: upquote 2012/04/19 v1.3 upright-quote and grave-accent glyphs in verbatim
)
Package hyperref Info: Link coloring OFF on input line 23.
 (%OUTDIR%/DA_Diplomand_1.out) (%OUTDIR%/DA_Diplomand_1.out)
\@outlinefile=\write5
\openout5 = `DA_Diplomand_1.out'.

Class scrartcl Info: loading recommended package `bookmark'.
(scrartcl)           Using `bookmark' together with `hyperref' is recommended,
(scrartcl)           because of handling of possible bookmark level gaps.
(scrartcl)           You can avoid loading `bookmark' with KOMA-Script option
(scrartcl)           `bookmarkpackage=false' before \begin{document} and
(scrartcl)           you can avoid this message adding:
(scrartcl)             \usepackage{bookmark}
(scrartcl)           before \begin{document} on input line 23.
 (/usr/share/texlive/texmf-dist/tex/latex/bookmark/bookmark.sty
Package: bookmark 2020-11-06 v1.29 PDF bookmarks (HO)
 (/usr/share/texlive/texmf-dist/tex/latex/bookmark/bkm-pdftex.def
File: bkm-pdftex.def 2020-11-06 v1.29 bookmark driver for pdfTeX (HO)
\BKM@id=\count522
))
Package biblatex Info: Trying to load language 'ngerman'...
Package biblatex Info: ... file 'ngerman.lbx' found.
 (/usr/share/texlive/texmf-dist/tex/latex/biblatex/lbx/ngerman.lbx
File: ngerman.lbx 2024/03/21 v3.20 biblatex localization (PK/MW)
Package biblatex Info: Trying to load language 'german'...
Package biblatex Info: ... file 'german.lbx' found.
 (/usr/share/texlive/texmf-dist/tex/latex/biblatex/lbx/german.lbx
File: german.lbx 2024/03/21 v3.20 biblatex localization (PK/MW)
)
Package biblatex Info: Trying to load language 'german'...
Package biblatex Info: ... file 'german.lbx' found.
 (/usr/share/texlive/texmf-dist/tex/latex/biblatex/lbx/german.lbx
File: german.lbx 2024/03/21 v3.20 biblatex localization (PK/MW)
))
Package biblatex Info: Input encoding 'utf8' detected.
Package biblatex Info: Automatic encoding selection.
(biblatex)             Assuming data encoding 'utf8'.
\openout4 = `DA_Diplomand_1.bcf'.

Package biblatex Info: Trying to load bibliographic data...
Package biblatex Info: ... file 'DA_Diplomand_1.bbl' not found.

No file DA_Diplomand_1.bbl.
Package biblatex Info: Reference section=0 on input line 23.
Package biblatex Info: Reference segment=0 on input line 23.
\docmute@nestinglevel=\count523
(./../02a_DOC_DPL1/kap_01_einleitung.tex
LaTeX Font Info:    Font shape `T1/phv/b/n' will be
(Font)              scaled to size 11.39996pt on input line 2.
LaTeX Font Info:    Font shape `T1/phv/b/n' will be
(Font)              scaled to size 16.41594pt on input line 2.
LaTeX Font Info:    Font shape `T1/phv/b/n' will be
(Font)              scaled to size 13.67995pt on input line 5.


LaTeX Warning: Citation 'steiermark_ausflugsziele' on page 1 undefined on input line 8.


Overfull \hbox (95.73201pt too wide) in paragraph at lines 8--16
\T1/phv/m/n/12 (Stand 2025) zu den Top-3 der stei-ri-schen Se-hens-wür-dig-kei-ten mit Bezahl-Eintritt [[]].
 []

LaTeX Font Info:    Trying to load font information for U+msa on input line 17.
(/usr/share/texlive/texmf-dist/tex/latex/amsfonts/umsa.fd
File: umsa.fd 2013/01/14 v3.01 AMS symbols A
)
LaTeX Font Info:    Trying to load font information for U+msb on input line 17.
 (/usr/share/texlive/texmf-dist/tex/latex/amsfonts/umsb.fd
File: umsb.fd 2013/01/14 v3.01 AMS symbols B
)
LaTeX Font Info:    Font shape `T1/phv/m/n' will be
(Font)              scaled to size 10.40245pt on input line 17.
LaTeX Font Info:    Font shape `T1/phv/b/n' will be
(Font)              scaled to size 10.40245pt on input line 17.
<./../03_AUX/01_PICT////HTL_logo.pdf, id=43, 1008.76857pt x 434.58893pt>
File: ./../03_AUX/01_PICT////HTL_logo.pdf Graphic file (type pdf)
<use ./../03_AUX/01_PICT////HTL_logo.pdf>
Package pdftex.def Info: ./../03_AUX/01_PICT////HTL_logo.pdf  used on input line 17.
(pdftex.def)             Requested size: 70.621pt x 30.42433pt.


Package fancyhdr Warning: \headheight is too small (18.125pt): 
(fancyhdr)                Make it at least 34.77437pt, for example:
(fancyhdr)                \setlength{\headheight}{34.77437pt}.
(fancyhdr)                You might also make \topmargin smaller to compensate:
(fancyhdr)                \addtolength{\topmargin}{-16.64937pt}.

[1{/var/lib/texmf/fonts/map/pdftex/updmap/pdftex.map}{/usr/share/texlive/texmf-dist/fonts/enc/dvips/base/8r.enc}

 <./../03_AUX/01_PICT////HTL_logo.pdf>]
LaTeX Font Info:    Trying to load font information for TS1+phv on input line 25.
 (/usr/share/texlive/texmf-dist/tex/latex/psnfss/ts1phv.fd
File: ts1phv.fd 2020/03/25 scalable font definitions for TS1/phv.
)
LaTeX Font Info:    Font shape `TS1/phv/m/n' will be
(Font)              scaled to size 11.39996pt on input line 25.


LaTeX Warning: Citation 'ghg_scope3' on page 2 undefined on input line 28.

File: ./../03_AUX/01_PICT////HTL_logo.pdf Graphic file (type pdf)
<use ./../03_AUX/01_PICT////HTL_logo.pdf>
Package pdftex.def Info: ./../03_AUX/01_PICT////HTL_logo.pdf  used on input line 41.
(pdftex.def)             Requested size: 70.621pt x 30.42433pt.

Package fancyhdr Warning: \headheight is too small (18.125pt): 
(fancyhdr)                Make it at least 34.77437pt, for example:
(fancyhdr)                \setlength{\headheight}{34.77437pt}.
(fancyhdr)                You might also make \topmargin smaller to compensate:
(fancyhdr)                \addtolength{\topmargin}{-16.64937pt}.

[2]
File: ./../03_AUX/01_PICT////HTL_logo.pdf Graphic file (type pdf)
<use ./../03_AUX/01_PICT////HTL_logo.pdf>
Package pdftex.def Info: ./../03_AUX/01_PICT////HTL_logo.pdf  used on input line 59.
(pdftex.def)             Requested size: 70.621pt x 30.42433pt.


Package fancyhdr Warning: \headheight is too small (18.125pt): 
(fancyhdr)                Make it at least 34.77437pt, for example:
(fancyhdr)                \setlength{\headheight}{34.77437pt}.
(fancyhdr)                You might also make \topmargin smaller to compensate:
(fancyhdr)                \addtolength{\topmargin}{-16.64937pt}.

[3])
File: ./../03_AUX/01_PICT////HTL_logo.pdf Graphic file (type pdf)
<use ./../03_AUX/01_PICT////HTL_logo.pdf>
Package pdftex.def Info: ./../03_AUX/01_PICT////HTL_logo.pdf  used on input line 27.
(pdftex.def)             Requested size: 70.621pt x 30.42433pt.


Package fancyhdr Warning: \headheight is too small (18.125pt): 
(fancyhdr)                Make it at least 34.77437pt, for example:
(fancyhdr)                \setlength{\headheight}{34.77437pt}.
(fancyhdr)                You might also make \topmargin smaller to compensate:
(fancyhdr)                \addtolength{\topmargin}{-16.64937pt}.

[4] (./../02a_DOC_DPL1/kap_02_theoretische_grundlagen.tex

LaTeX Warning: Citation 'docker_overview' on page 5 undefined on input line 13.

<./../03_AUX/01_PICT//docker-logo-blue.png, id=93, 2342.9934pt x 533.1117pt>
File: ./../03_AUX/01_PICT//docker-logo-blue.png Graphic file (type png)
<use ./../03_AUX/01_PICT//docker-logo-blue.png>
Package pdftex.def Info: ./../03_AUX/01_PICT//docker-logo-blue.png  used on input line 17.
(pdftex.def)             Requested size: 227.62204pt x 51.78497pt.
LaTeX Font Info:    Font shape `T1/phv/m/n' will be
(Font)              scaled to size 9.49997pt on input line 19.
LaTeX Font Info:    Trying to load font information for T1+zi4 on input line 19.
(/usr/share/texlive/texmf-dist/tex/latex/inconsolata/t1zi4.fd
File: t1zi4.fd 2018/01/14 T1/zi4 (Inconsolata)
)
LaTeX Font Info:    Font shape `T1/zi4/m/n' will be
(Font)              scaled to size 10.0pt on input line 19.


LaTeX Warning: Citation 'docker_overview' on page 5 undefined on input line 25.

LaTeX Font Info:    Font shape `T1/zi4/m/n' will be
(Font)              scaled to size 12.0pt on input line 26.

LaTeX Warning: Citation 'docker_dockerfile' on page 5 undefined on input line 26.


LaTeX Warning: Citation 'docker_cache' on page 5 undefined on input line 27.


LaTeX Warning: Citation 'docker_overview' on page 5 undefined on input line 30.

File: ./../03_AUX/01_PICT////HTL_logo.pdf Graphic file (type pdf)
<use ./../03_AUX/01_PICT////HTL_logo.pdf>
Package pdftex.def Info: ./../03_AUX/01_PICT////HTL_logo.pdf  used on input line 36.
(pdftex.def)             Requested size: 70.621pt x 30.42433pt.

Package fancyhdr Warning: \headheight is too small (18.125pt): 
(fancyhdr)                Make it at least 34.77437pt, for example:
(fancyhdr)                \setlength{\headheight}{34.77437pt}.
(fancyhdr)                You might also make \topmargin smaller to compensate:
(fancyhdr)                \addtolength{\topmargin}{-16.64937pt}.

[5{/usr/share/texlive/texmf-dist/fonts/enc/dvips/inconsolata/i4-t1-0.enc} <./../03_AUX/01_PICT//docker-logo-blue.png>]
File: ./../03_AUX/01_PICT////HTL_logo.pdf Graphic file (type pdf)
<use ./../03_AUX/01_PICT////HTL_logo.pdf>
Package pdftex.def Info: ./../03_AUX/01_PICT////HTL_logo.pdf  used on input line 52.
(pdftex.def)             Requested size: 70.621pt x 30.42433pt.


Package fancyhdr Warning: \headheight is too small (18.125pt): 
(fancyhdr)                Make it at least 34.77437pt, for example:
(fancyhdr)                \setlength{\headheight}{34.77437pt}.
(fancyhdr)                You might also make \topmargin smaller to compensate:
(fancyhdr)                \addtolength{\topmargin}{-16.64937pt}.

[6]

LaTeX Warning: Citation 'docker_compose' on page 7 undefined on input line 58.


Overfull \hbox (14.16734pt too wide) in paragraph at lines 55--61
\T1/phv/m/n/12 Docker Com-po-se ist ein Tool zur De-fi-ni-ti-on und Ver-wal-tung von Multi-Container-Anwendungen.
 []


Overfull \hbox (55.34766pt too wide) in paragraph at lines 55--61
\T1/phv/m/n/12 nier-ten Rei-hen-fol-ge und er-mög-licht au-to-ma-ti-sche Kom-mu-ni-ka-ti-on zwi-schen ih-nen. [[]]
 []


LaTeX Warning: Citation 'docker_hub' on page 7 undefined on input line 64.

File: ./../03_AUX/01_PICT////HTL_logo.pdf Graphic file (type pdf)
<use ./../03_AUX/01_PICT////HTL_logo.pdf>
Package pdftex.def Info: ./../03_AUX/01_PICT////HTL_logo.pdf  used on input line 70.
(pdftex.def)             Requested size: 70.621pt x 30.42433pt.

Package fancyhdr Warning: \headheight is too small (18.125pt): 
(fancyhdr)                Make it at least 34.77437pt, for example:
(fancyhdr)                \setlength{\headheight}{34.77437pt}.
(fancyhdr)                You might also make \topmargin smaller to compensate:
(fancyhdr)                \addtolength{\topmargin}{-16.64937pt}.

[7]

LaTeX Warning: Citation 'aws_microservices' on page 8 undefined on input line 78.


LaTeX Warning: Citation 'oso_microservices' on page 8 undefined on input line 81.


LaTeX Warning: Citation 'aws_microservices' on page 8 undefined on input line 86.

File: ./../03_AUX/01_PICT////HTL_logo.pdf Graphic file (type pdf)
<use ./../03_AUX/01_PICT////HTL_logo.pdf>
Package pdftex.def Info: ./../03_AUX/01_PICT////HTL_logo.pdf  used on input line 101.
(pdftex.def)             Requested size: 70.621pt x 30.42433pt.

Package fancyhdr Warning: \headheight is too small (18.125pt): 
(fancyhdr)                Make it at least 34.77437pt, for example:
(fancyhdr)                \setlength{\headheight}{34.77437pt}.
(fancyhdr)                You might also make \topmargin smaller to compensate:
(fancyhdr)                \addtolength{\topmargin}{-16.64937pt}.

[8]
File: ./../03_AUX/01_PICT////HTL_logo.pdf Graphic file (type pdf)
<use ./../03_AUX/01_PICT////HTL_logo.pdf>
Package pdftex.def Info: ./../03_AUX/01_PICT////HTL_logo.pdf  used on input line 110.
(pdftex.def)             Requested size: 70.621pt x 30.42433pt.


Package fancyhdr Warning: \headheight is too small (18.125pt): 
(fancyhdr)                Make it at least 34.77437pt, for example:
(fancyhdr)                \setlength{\headheight}{34.77437pt}.
(fancyhdr)                You might also make \topmargin smaller to compensate:
(fancyhdr)                \addtolength{\topmargin}{-16.64937pt}.

[9]

LaTeX Warning: Citation 'platerecognizer_alpr' on page 10 undefined on input line 114.


LaTeX Warning: Citation 'senstar_alpr' on page 10 undefined on input line 118.


Overfull \hbox (26.70863pt too wide) in paragraph at lines 135--138
\T1/phv/m/n/12 der Plau-si-bi-li-tät der er-kann-ten Num-mern-ta-fel. Auch wer-den ty-pi-sche OCR-Verwechslungen
 []

File: ./../03_AUX/01_PICT////HTL_logo.pdf Graphic file (type pdf)
<use ./../03_AUX/01_PICT////HTL_logo.pdf>
Package pdftex.def Info: ./../03_AUX/01_PICT////HTL_logo.pdf  used on input line 140.
(pdftex.def)             Requested size: 70.621pt x 30.42433pt.

Package fancyhdr Warning: \headheight is too small (18.125pt): 
(fancyhdr)                Make it at least 34.77437pt, for example:
(fancyhdr)                \setlength{\headheight}{34.77437pt}.
(fancyhdr)                You might also make \topmargin smaller to compensate:
(fancyhdr)                \addtolength{\topmargin}{-16.64937pt}.

[10]
Overfull \hbox (3.7028pt too wide) in paragraph at lines 142--143
\T1/phv/m/n/12 In die-sem Sys-tem wird der Dienst Pla-te Re-co-gni-zer ein-ge-setzt, der mo-der-ne De-ep Learning-
 []


LaTeX Warning: Citation 'platerecognizer_mmc' on page 11 undefined on input line 146.


Overfull \hbox (19.97229pt too wide) in paragraph at lines 146--147
\T1/phv/m/n/12 gni-zer zu-sätz-li-che Fahr-zeu-gat-tri-bu-te [[]], ein An-satz, der MMC-Erkennung
 []


Overfull \hbox (4.07765pt too wide) in paragraph at lines 148--149
[]\T1/phv/b/n/12 Make (Mar-ke): \T1/phv/m/n/12 Iden-ti-fi-ka-ti-on des Fahr-zeugher-stel-lers ba-sie-rend auf cha-rak-te-ris-ti-schen
 []


LaTeX Warning: Citation 'platerecognizer_snapshot' on page 11 undefined on input line 156.

)
File: ./../03_AUX/01_PICT////HTL_logo.pdf Graphic file (type pdf)
<use ./../03_AUX/01_PICT////HTL_logo.pdf>
Package pdftex.def Info: ./../03_AUX/01_PICT////HTL_logo.pdf  used on input line 31.
(pdftex.def)             Requested size: 70.621pt x 30.42433pt.


Package fancyhdr Warning: \headheight is too small (18.125pt): 
(fancyhdr)                Make it at least 34.77437pt, for example:
(fancyhdr)                \setlength{\headheight}{34.77437pt}.
(fancyhdr)                You might also make \topmargin smaller to compensate:
(fancyhdr)                \addtolength{\topmargin}{-16.64937pt}.

[11] (./../02a_DOC_DPL1/kap_03_hardware_technologie.tex
<./../03_AUX/01_PICT//zotter.png, id=161, 1541.76pt x 763.35187pt>
File: ./../03_AUX/01_PICT//zotter.png Graphic file (type png)
<use ./../03_AUX/01_PICT//zotter.png>
Package pdftex.def Info: ./../03_AUX/01_PICT//zotter.png  used on input line 18.
(pdftex.def)             Requested size: 455.24408pt x 225.3965pt.
File: ./../03_AUX/01_PICT////HTL_logo.pdf Graphic file (type pdf)
<use ./../03_AUX/01_PICT////HTL_logo.pdf>
Package pdftex.def Info: ./../03_AUX/01_PICT////HTL_logo.pdf  used on input line 24.
(pdftex.def)             Requested size: 70.621pt x 30.42433pt.


Package fancyhdr Warning: \headheight is too small (18.125pt): 
(fancyhdr)                Make it at least 34.77437pt, for example:
(fancyhdr)                \setlength{\headheight}{34.77437pt}.
(fancyhdr)                You might also make \topmargin smaller to compensate:
(fancyhdr)                \addtolength{\topmargin}{-16.64937pt}.

[12 <./../03_AUX/01_PICT//zotter.png>]
Overfull \hbox (9.4866pt too wide) in paragraph at lines 31--35
\T1/phv/m/n/12 fahrt. Dies re-du-ziert zwar den In-stal-la-ti-ons-auf-wand der Hard-wa-re, er-höht je-doch die Software-
 []


Overfull \hbox (1.57106pt too wide) in paragraph at lines 31--35
\T1/phv/m/n/12 Komplexität, da die Be-we-gungs-rich-tung der Fahr-zeu-ge soft-wa-re-sei-tig er-kannt wer-den muss.
 []


Overfull \hbox (0.97739pt too wide) in paragraph at lines 31--35
\T1/phv/m/n/12 Das Zei-t-in-ter-vall zwi-schen zwei auf-ein-an-der-fol-gen-den Fahr-zeu-gen wur-de auf-grund der Brei-
 []


LaTeX Warning: Citation 'baseus_ip_ratings' on page 13 undefined on input line 39.


LaTeX Warning: Citation 'wiki_ip_camera' on page 13 undefined on input line 60.

File: ./../03_AUX/01_PICT////HTL_logo.pdf Graphic file (type pdf)
<use ./../03_AUX/01_PICT////HTL_logo.pdf>
Package pdftex.def Info: ./../03_AUX/01_PICT////HTL_logo.pdf  used on input line 61.
(pdftex.def)             Requested size: 70.621pt x 30.42433pt.

Package fancyhdr Warning: \headheight is too small (18.125pt): 
(fancyhdr)                Make it at least 34.77437pt, for example:
(fancyhdr)                \setlength{\headheight}{34.77437pt}.
(fancyhdr)                You might also make \topmargin smaller to compensate:
(fancyhdr)                \addtolength{\topmargin}{-16.64937pt}.

[13]

LaTeX Warning: Citation 'synology_bc500' on page 14 undefined on input line 64.

<./../03_AUX/01_PICT//synology_bc500.png, id=186, 722.7pt x 445.665pt>
File: ./../03_AUX/01_PICT//synology_bc500.png Graphic file (type png)
<use ./../03_AUX/01_PICT//synology_bc500.png>
Package pdftex.def Info: ./../03_AUX/01_PICT//synology_bc500.png  used on input line 68.
(pdftex.def)             Requested size: 227.62204pt x 140.3648pt.
File: ./../03_AUX/01_PICT////HTL_logo.pdf Graphic file (type pdf)
<use ./../03_AUX/01_PICT////HTL_logo.pdf>
Package pdftex.def Info: ./../03_AUX/01_PICT////HTL_logo.pdf  used on input line 81.
(pdftex.def)             Requested size: 70.621pt x 30.42433pt.

Package fancyhdr Warning: \headheight is too small (18.125pt): 
(fancyhdr)                Make it at least 34.77437pt, for example:
(fancyhdr)                \setlength{\headheight}{34.77437pt}.
(fancyhdr)                You might also make \topmargin smaller to compensate:
(fancyhdr)                \addtolength{\topmargin}{-16.64937pt}.

[14 <./../03_AUX/01_PICT//synology_bc500.png>]

LaTeX Warning: Citation 'platerecognizer_camera_setup' on page 15 undefined on input line 86.

<./../03_AUX/01_PICT//zotter-markup.png, id=201, 2055.68pt x 1005.7575pt>
File: ./../03_AUX/01_PICT//zotter-markup.png Graphic file (type png)
<use ./../03_AUX/01_PICT//zotter-markup.png>
Package pdftex.def Info: ./../03_AUX/01_PICT//zotter-markup.png  used on input line 93.
(pdftex.def)             Requested size: 455.24408pt x 222.72527pt.
File: ./../03_AUX/01_PICT////HTL_logo.pdf Graphic file (type pdf)
<use ./../03_AUX/01_PICT////HTL_logo.pdf>
Package pdftex.def Info: ./../03_AUX/01_PICT////HTL_logo.pdf  used on input line 99.
(pdftex.def)             Requested size: 70.621pt x 30.42433pt.

Package fancyhdr Warning: \headheight is too small (18.125pt): 
(fancyhdr)                Make it at least 34.77437pt, for example:
(fancyhdr)                \setlength{\headheight}{34.77437pt}.
(fancyhdr)                You might also make \topmargin smaller to compensate:
(fancyhdr)                \addtolength{\topmargin}{-16.64937pt}.

[15 <./../03_AUX/01_PICT//zotter-markup.png>]

LaTeX Warning: Citation 'aws_nas' on page 16 undefined on input line 111.


LaTeX Warning: Citation 'synology_surveillance' on page 16 undefined on input line 121.

File: ./../03_AUX/01_PICT////HTL_logo.pdf Graphic file (type pdf)
<use ./../03_AUX/01_PICT////HTL_logo.pdf>
Package pdftex.def Info: ./../03_AUX/01_PICT////HTL_logo.pdf  used on input line 123.
(pdftex.def)             Requested size: 70.621pt x 30.42433pt.

Package fancyhdr Warning: \headheight is too small (18.125pt): 
(fancyhdr)                Make it at least 34.77437pt, for example:
(fancyhdr)                \setlength{\headheight}{34.77437pt}.
(fancyhdr)                You might also make \topmargin smaller to compensate:
(fancyhdr)                \addtolength{\topmargin}{-16.64937pt}.

[16]

LaTeX Warning: Citation 'synology_dva' on page 17 undefined on input line 125.

<./../03_AUX/01_PICT//synology_dva1622.png, id=223, 652.4375pt x 454.69875pt>
File: ./../03_AUX/01_PICT//synology_dva1622.png Graphic file (type png)
<use ./../03_AUX/01_PICT//synology_dva1622.png>
Package pdftex.def Info: ./../03_AUX/01_PICT//synology_dva1622.png  used on input line 129.
(pdftex.def)             Requested size: 227.62204pt x 158.63351pt.

LaTeX Warning: Citation 'synology_dva' on page 17 undefined on input line 137.


LaTeX Warning: Citation 'synology_surveillance' on page 17 undefined on input line 139.


Overfull \hbox (13.24307pt too wide) in paragraph at lines 135--140
[]\T1/phv/m/n/12 Zunächst bie-tet die Sur-veil-lan-ce Sta-ti-on API Zu-griff auf Live-Streams, Snaps-hots und Ereignis-
 []


Overfull \hbox (16.54964pt too wide) in paragraph at lines 141--142
[]\T1/phv/m/n/12 Die Kom-bi-na-ti-on aus re-le-van-ten Fea-tu-res, um-fas-sen-der API und na-ti-ver Kamera-Unterstützung
 []

File: ./../03_AUX/01_PICT////HTL_logo.pdf Graphic file (type pdf)
<use ./../03_AUX/01_PICT////HTL_logo.pdf>
Package pdftex.def Info: ./../03_AUX/01_PICT////HTL_logo.pdf  used on input line 149.
(pdftex.def)             Requested size: 70.621pt x 30.42433pt.

Package fancyhdr Warning: \headheight is too small (18.125pt): 
(fancyhdr)                Make it at least 34.77437pt, for example:
(fancyhdr)                \setlength{\headheight}{34.77437pt}.
(fancyhdr)                You might also make \topmargin smaller to compensate:
(fancyhdr)                \addtolength{\topmargin}{-16.64937pt}.

[17 <./../03_AUX/01_PICT//synology_dva1622.png>]

LaTeX Warning: Citation 'synology_lpr' on page 18 undefined on input line 163.


LaTeX Warning: Citation 'platerecognizer_countries' on page 18 undefined on input line 169.


LaTeX Warning: Citation 'platerecognizer_results' on page 18 undefined on input line 170.


Overfull \hbox (1.25499pt too wide) in paragraph at lines 168--172
\T1/phv/m/n/12 wur-den. [[]] Dies ge-währ-leis-tet ei-ne deut-lich hö-he-re Er-ken-nungs-
 []


LaTeX Warning: Citation 'platerecognizer_snapshot' on page 18 undefined on input line 174.


Overfull \hbox (115.61923pt too wide) in paragraph at lines 173--175
\T1/phv/m/n/12 werk, was so-wohl Da-ten-schutz-an-for-de-run-gen er-füllt als auch La-tenz-zei-ten mi-ni-miert. [[]] 
 []


LaTeX Warning: Citation 'fastapi' on page 18 undefined on input line 179.


LaTeX Warning: Citation 'jetbrains_frameworks' on page 18 undefined on input line 180.


LaTeX Warning: Citation 'jetbrains_frameworks' on page 18 undefined on input line 181.


Overfull \hbox (24.45471pt too wide) in paragraph at lines 179--182
\T1/phv/m/n/12 API/S-wag-ger ge-ne-riert. Im Ver-gleich zu Flask, dem ver-mut-lich be-kann-tes-ten Python-Framework,
 []


Overfull \hbox (1.38083pt too wide) in paragraph at lines 179--182
\T1/phv/m/n/12 /Response-Daten durch Py-dan-tic. [[]] Ge-gen-über dem schwer-ge-wich-
 []

File: ./../03_AUX/01_PICT////HTL_logo.pdf Graphic file (type pdf)
<use ./../03_AUX/01_PICT////HTL_logo.pdf>
Package pdftex.def Info: ./../03_AUX/01_PICT////HTL_logo.pdf  used on input line 182.
(pdftex.def)             Requested size: 70.621pt x 30.42433pt.

Package fancyhdr Warning: \headheight is too small (18.125pt): 
(fancyhdr)                Make it at least 34.77437pt, for example:
(fancyhdr)                \setlength{\headheight}{34.77437pt}.
(fancyhdr)                You might also make \topmargin smaller to compensate:
(fancyhdr)                \addtolength{\topmargin}{-16.64937pt}.

[18]

LaTeX Warning: Citation 'postgresql' on page 19 undefined on input line 183.


LaTeX Warning: Citation 'alembic' on page 19 undefined on input line 186.

)
File: ./../03_AUX/01_PICT////HTL_logo.pdf Graphic file (type pdf)
<use ./../03_AUX/01_PICT////HTL_logo.pdf>
Package pdftex.def Info: ./../03_AUX/01_PICT////HTL_logo.pdf  used on input line 35.
(pdftex.def)             Requested size: 70.621pt x 30.42433pt.


Package fancyhdr Warning: \headheight is too small (18.125pt): 
(fancyhdr)                Make it at least 34.77437pt, for example:
(fancyhdr)                \setlength{\headheight}{34.77437pt}.
(fancyhdr)                You might also make \topmargin smaller to compensate:
(fancyhdr)                \addtolength{\topmargin}{-16.64937pt}.

[19] (./../02a_DOC_DPL1/kap_04_systementwurf_architektur.tex

LaTeX Warning: Citation 'twelve_factor' on page 20 undefined on input line 10.

<./../03_AUX/01_PICT//architektur.png, id=252, 1377.145pt x 531.9875pt>
File: ./../03_AUX/01_PICT//architektur.png Graphic file (type png)
<use ./../03_AUX/01_PICT//architektur.png>
Package pdftex.def Info: ./../03_AUX/01_PICT//architektur.png  used on input line 22.
(pdftex.def)             Requested size: 455.24408pt x 175.85677pt.

Overfull \hbox (10.9775pt too wide) in paragraph at lines 27--28
\T1/phv/m/n/12 wel-che sich in drei pri-märe Ka-te-go-ri-en ein-tei-len las-sen: Backend-, Frontend- und Infrastruktur-
 []

File: ./../03_AUX/01_PICT////HTL_logo.pdf Graphic file (type pdf)
<use ./../03_AUX/01_PICT////HTL_logo.pdf>
Package pdftex.def Info: ./../03_AUX/01_PICT////HTL_logo.pdf  used on input line 29.
(pdftex.def)             Requested size: 70.621pt x 30.42433pt.

Package fancyhdr Warning: \headheight is too small (18.125pt): 
(fancyhdr)                Make it at least 34.77437pt, for example:
(fancyhdr)                \setlength{\headheight}{34.77437pt}.
(fancyhdr)                You might also make \topmargin smaller to compensate:
(fancyhdr)                \addtolength{\topmargin}{-16.64937pt}.

[20 <./../03_AUX/01_PICT//architektur.png>]
Overfull \hbox (12.64464pt too wide) in paragraph at lines 37--40
\T1/phv/m/n/12 FastAPI-Framework. Der Da-ta Col-lec-ti-on Ser-vice nimmt als Herz-stück des Sys-tems Webhook-
 []


LaTeX Warning: Citation 'nextjs' on page 21 undefined on input line 51.

File: ./../03_AUX/01_PICT////HTL_logo.pdf Graphic file (type pdf)
<use ./../03_AUX/01_PICT////HTL_logo.pdf>
Package pdftex.def Info: ./../03_AUX/01_PICT////HTL_logo.pdf  used on input line 55.
(pdftex.def)             Requested size: 70.621pt x 30.42433pt.

Package fancyhdr Warning: \headheight is too small (18.125pt): 
(fancyhdr)                Make it at least 34.77437pt, for example:
(fancyhdr)                \setlength{\headheight}{34.77437pt}.
(fancyhdr)                You might also make \topmargin smaller to compensate:
(fancyhdr)                \addtolength{\topmargin}{-16.64937pt}.

[21]
Underfull \hbox (badness 10000) in paragraph at lines 72--73

 []

<./../03_AUX/01_PICT//trigger_for_data_collection.png, id=274, 3013.2575pt x 411.5375pt>
File: ./../03_AUX/01_PICT//trigger_for_data_collection.png Graphic file (type png)
<use ./../03_AUX/01_PICT//trigger_for_data_collection.png>
Package pdftex.def Info: ./../03_AUX/01_PICT//trigger_for_data_collection.png  used on input line 76.
(pdftex.def)             Requested size: 364.19664pt x 49.7403pt.

Overfull \hbox (2.84688pt too wide) in paragraph at lines 81--82
[]\T1/phv/m/n/12 Die Syn-o-lo-gy Sur-veil-lan-ce Sta-ti-on ruft bei Er-ken-nung ei-ner Fahr-zeug-be-we-gung einen REST-
 []

File: ./../03_AUX/01_PICT////HTL_logo.pdf Graphic file (type pdf)
<use ./../03_AUX/01_PICT////HTL_logo.pdf>
Package pdftex.def Info: ./../03_AUX/01_PICT////HTL_logo.pdf  used on input line 83.
(pdftex.def)             Requested size: 70.621pt x 30.42433pt.

Package fancyhdr Warning: \headheight is too small (18.125pt): 
(fancyhdr)                Make it at least 34.77437pt, for example:
(fancyhdr)                \setlength{\headheight}{34.77437pt}.
(fancyhdr)                You might also make \topmargin smaller to compensate:
(fancyhdr)                \addtolength{\topmargin}{-16.64937pt}.

[22 <./../03_AUX/01_PICT//trigger_for_data_collection.png>]
Underfull \hbox (badness 10000) in paragraph at lines 84--85

 []

<./../03_AUX/01_PICT//data_collection_to_synology.png, id=287, 2931.95375pt x 496.85625pt>
File: ./../03_AUX/01_PICT//data_collection_to_synology.png Graphic file (type png)
<use ./../03_AUX/01_PICT//data_collection_to_synology.png>
Package pdftex.def Info: ./../03_AUX/01_PICT//data_collection_to_synology.png  used on input line 88.
(pdftex.def)             Requested size: 364.19664pt x 61.71263pt.

Underfull \hbox (badness 10000) in paragraph at lines 95--96

 []

<./../03_AUX/01_PICT//data_collection_to_plate_recognizer.png, id=288, 3208.98875pt x 496.85625pt>
File: ./../03_AUX/01_PICT//data_collection_to_plate_recognizer.png Graphic file (type png)
<use ./../03_AUX/01_PICT//data_collection_to_plate_recognizer.png>
Package pdftex.def Info: ./../03_AUX/01_PICT//data_collection_to_plate_recognizer.png  used on input line 99.
(pdftex.def)             Requested size: 364.19664pt x 56.3829pt.

Underfull \hbox (badness 10000) in paragraph at lines 106--107

 []

<./../03_AUX/01_PICT//data_collection_to_db.png, id=289, 2825.55624pt x 474.77374pt>
File: ./../03_AUX/01_PICT//data_collection_to_db.png Graphic file (type png)
<use ./../03_AUX/01_PICT//data_collection_to_db.png>
Package pdftex.def Info: ./../03_AUX/01_PICT//data_collection_to_db.png  used on input line 110.
(pdftex.def)             Requested size: 364.19664pt x 61.19391pt.
File: ./../03_AUX/01_PICT////HTL_logo.pdf Graphic file (type pdf)
<use ./../03_AUX/01_PICT////HTL_logo.pdf>
Package pdftex.def Info: ./../03_AUX/01_PICT////HTL_logo.pdf  used on input line 119.
(pdftex.def)             Requested size: 70.621pt x 30.42433pt.

Package fancyhdr Warning: \headheight is too small (18.125pt): 
(fancyhdr)                Make it at least 34.77437pt, for example:
(fancyhdr)                \setlength{\headheight}{34.77437pt}.
(fancyhdr)                You might also make \topmargin smaller to compensate:
(fancyhdr)                \addtolength{\topmargin}{-16.64937pt}.

[23 <./../03_AUX/01_PICT//data_collection_to_synology.png> <./../03_AUX/01_PICT//data_collection_to_plate_recognizer.png> <./../03_AUX/01_PICT//data_collection_to_db.png>]
Underfull \hbox (badness 10000) in paragraph at lines 120--121

 []

<./../03_AUX/01_PICT//web_interactions.png, id=308, 2813.51125pt x 1259.70625pt>
File: ./../03_AUX/01_PICT//web_interactions.png Graphic file (type png)
<use ./../03_AUX/01_PICT//web_interactions.png>
Package pdftex.def Info: ./../03_AUX/01_PICT//web_interactions.png  used on input line 124.
(pdftex.def)             Requested size: 318.66946pt x 142.66231pt.

Underfull \hbox (badness 10000) in paragraph at lines 131--132

 []

<./../03_AUX/01_PICT//notification_to_analytics.png, id=309, 2960.05875pt x 496.85625pt>
File: ./../03_AUX/01_PICT//notification_to_analytics.png Graphic file (type png)
<use ./../03_AUX/01_PICT//notification_to_analytics.png>
Package pdftex.def Info: ./../03_AUX/01_PICT//notification_to_analytics.png  used on input line 135.
(pdftex.def)             Requested size: 364.19664pt x 61.12888pt.

Underfull \hbox (badness 10000) in paragraph at lines 142--143

 []

<./../03_AUX/01_PICT//grafana_to_db.png, id=310, 2279.51625pt x 474.77374pt>
File: ./../03_AUX/01_PICT//grafana_to_db.png Graphic file (type png)
<use ./../03_AUX/01_PICT//grafana_to_db.png>
Package pdftex.def Info: ./../03_AUX/01_PICT//grafana_to_db.png  used on input line 146.
(pdftex.def)             Requested size: 273.14922pt x 56.8907pt.
File: ./../03_AUX/01_PICT////HTL_logo.pdf Graphic file (type pdf)
<use ./../03_AUX/01_PICT////HTL_logo.pdf>
Package pdftex.def Info: ./../03_AUX/01_PICT////HTL_logo.pdf  used on input line 153.
(pdftex.def)             Requested size: 70.621pt x 30.42433pt.

Package fancyhdr Warning: \headheight is too small (18.125pt): 
(fancyhdr)                Make it at least 34.77437pt, for example:
(fancyhdr)                \setlength{\headheight}{34.77437pt}.
(fancyhdr)                You might also make \topmargin smaller to compensate:
(fancyhdr)                \addtolength{\topmargin}{-16.64937pt}.

[24 <./../03_AUX/01_PICT//web_interactions.png> <./../03_AUX/01_PICT//notification_to_analytics.png> <./../03_AUX/01_PICT//grafana_to_db.png>]

LaTeX Warning: Citation 'postgresql_schemas' on page 25 undefined on input line 160.

File: ./../03_AUX/01_PICT////HTL_logo.pdf Graphic file (type pdf)
<use ./../03_AUX/01_PICT////HTL_logo.pdf>
Package pdftex.def Info: ./../03_AUX/01_PICT////HTL_logo.pdf  used on input line 182.
(pdftex.def)             Requested size: 70.621pt x 30.42433pt.

Package fancyhdr Warning: \headheight is too small (18.125pt): 
(fancyhdr)                Make it at least 34.77437pt, for example:
(fancyhdr)                \setlength{\headheight}{34.77437pt}.
(fancyhdr)                You might also make \topmargin smaller to compensate:
(fancyhdr)                \addtolength{\topmargin}{-16.64937pt}.

[25]
Overfull \hbox (1.9503pt too wide) in paragraph at lines 189--190
[]\T1/phv/m/n/12 Die fol-gen-de Dar-stel-lung (Abb. []14[]) zeigt die At-tri-bu-te der bei-den En-ti-tä-ten als ER-Diagramm: 
 []

<./../03_AUX/01_PICT//tables.png, id=340, 3382.6375pt x 2474.24374pt>
File: ./../03_AUX/01_PICT//tables.png Graphic file (type png)
<use ./../03_AUX/01_PICT//tables.png>
Package pdftex.def Info: ./../03_AUX/01_PICT//tables.png  used on input line 193.
(pdftex.def)             Requested size: 364.19664pt x 266.39131pt.
File: ./../03_AUX/01_PICT////HTL_logo.pdf Graphic file (type pdf)
<use ./../03_AUX/01_PICT////HTL_logo.pdf>
Package pdftex.def Info: ./../03_AUX/01_PICT////HTL_logo.pdf  used on input line 198.
(pdftex.def)             Requested size: 70.621pt x 30.42433pt.

Package fancyhdr Warning: \headheight is too small (18.125pt): 
(fancyhdr)                Make it at least 34.77437pt, for example:
(fancyhdr)                \setlength{\headheight}{34.77437pt}.
(fancyhdr)                You might also make \topmargin smaller to compensate:
(fancyhdr)                \addtolength{\topmargin}{-16.64937pt}.

[26 <./../03_AUX/01_PICT//tables.png>]
Overfull \hbox (0.26378pt too wide) in paragraph at lines 218--219
[] []\T1/phv/b/n/12 3. Ein-fach-heit der Ab-fra-gen[][] \T1/phv/m/n/12 Die Grafana-Dashboards ver-wen-den di-rek-te SQL-Abfragen.
 []

File: ./../03_AUX/01_PICT////HTL_logo.pdf Graphic file (type pdf)
<use ./../03_AUX/01_PICT////HTL_logo.pdf>
Package pdftex.def Info: ./../03_AUX/01_PICT////HTL_logo.pdf  used on input line 224.
(pdftex.def)             Requested size: 70.621pt x 30.42433pt.

Package fancyhdr Warning: \headheight is too small (18.125pt): 
(fancyhdr)                Make it at least 34.77437pt, for example:
(fancyhdr)                \setlength{\headheight}{34.77437pt}.
(fancyhdr)                You might also make \topmargin smaller to compensate:
(fancyhdr)                \addtolength{\topmargin}{-16.64937pt}.

[27]
Overfull \hbox (7.60112pt too wide) in paragraph at lines 232--233
[]\T1/phv/m/n/12 Formel zur Be-rech-nung der Spei-cher-auf-fül-lungs-dau-er an-hand der Grö-ÿe ei-nes Full-Backups: 
 []

LaTeX Font Info:    Font shape `T1/phv/m/n' will be
(Font)              scaled to size 7.59998pt on input line 247.
LaTeX Font Info:    Font shape `T1/phv/m/n' will be
(Font)              scaled to size 5.69998pt on input line 247.
LaTeX Font Info:    Font shape `T1/phv/m/n' will be
(Font)              scaled to size 6.64998pt on input line 254.

LaTeX Warning: Citation 'so_backup_size' on page 28 undefined on input line 254.

LaTeX Font Info:    Font shape `T1/phv/b/n' will be
(Font)              scaled to size 9.49997pt on input line 254.

LaTeX Warning: Citation 'sqlskills_backup' on page 28 undefined on input line 254.

File: ./../03_AUX/01_PICT////HTL_logo.pdf Graphic file (type pdf)
<use ./../03_AUX/01_PICT////HTL_logo.pdf>
Package pdftex.def Info: ./../03_AUX/01_PICT////HTL_logo.pdf  used on input line 258.
(pdftex.def)             Requested size: 70.621pt x 30.42433pt.

Package fancyhdr Warning: \headheight is too small (18.125pt): 
(fancyhdr)                Make it at least 34.77437pt, for example:
(fancyhdr)                \setlength{\headheight}{34.77437pt}.
(fancyhdr)                You might also make \topmargin smaller to compensate:
(fancyhdr)                \addtolength{\topmargin}{-16.64937pt}.

[28]
File: ./../03_AUX/01_PICT////HTL_logo.pdf Graphic file (type pdf)
<use ./../03_AUX/01_PICT////HTL_logo.pdf>
Package pdftex.def Info: ./../03_AUX/01_PICT////HTL_logo.pdf  used on input line 285.
(pdftex.def)             Requested size: 70.621pt x 30.42433pt.


Package fancyhdr Warning: \headheight is too small (18.125pt): 
(fancyhdr)                Make it at least 34.77437pt, for example:
(fancyhdr)                \setlength{\headheight}{34.77437pt}.
(fancyhdr)                You might also make \topmargin smaller to compensate:
(fancyhdr)                \addtolength{\topmargin}{-16.64937pt}.

[29]

LaTeX Warning: Citation 'wiki_polp' on page 30 undefined on input line 295.

File: ./../03_AUX/01_PICT////HTL_logo.pdf Graphic file (type pdf)
<use ./../03_AUX/01_PICT////HTL_logo.pdf>
Package pdftex.def Info: ./../03_AUX/01_PICT////HTL_logo.pdf  used on input line 301.
(pdftex.def)             Requested size: 70.621pt x 30.42433pt.

Package fancyhdr Warning: \headheight is too small (18.125pt): 
(fancyhdr)                Make it at least 34.77437pt, for example:
(fancyhdr)                \setlength{\headheight}{34.77437pt}.
(fancyhdr)                You might also make \topmargin smaller to compensate:
(fancyhdr)                \addtolength{\topmargin}{-16.64937pt}.

[30]
<./../03_AUX/01_PICT//db_user.png, id=396, 3348.51pt x 2755.29375pt>
File: ./../03_AUX/01_PICT//db_user.png Graphic file (type png)
<use ./../03_AUX/01_PICT//db_user.png>
Package pdftex.def Info: ./../03_AUX/01_PICT//db_user.png  used on input line 304.
(pdftex.def)             Requested size: 364.19664pt x 299.63577pt.

Overfull \hbox (8.03877pt too wide) in paragraph at lines 309--311
[]\T1/phv/m/n/12 Wie die Dar-stel-lung (Abb. []15[]) zeigt, hat der Data-Collection-User Voll-zu-griff auf das Ingestion-
 []


Overfull \hbox (4.2955pt too wide) in paragraph at lines 309--311
\T1/phv/m/n/12 Schema, der Analytics-User nur Le-se-zu-griff dar-auf (aber Voll-zu-griff auf das ei-ge-ne Analytics-
 []


LaTeX Warning: Citation 'dsgvo_personenbezogen' on page 31 undefined on input line 316.


Overfull \hbox (6.96332pt too wide) in paragraph at lines 316--318
\T1/phv/m/n/12 Kenn-zei-chen als per-so-nen-be-zo-ge-ne Da-ten klas-si-fi-ziert wer-den [[]].
 []

File: ./../03_AUX/01_PICT////HTL_logo.pdf Graphic file (type pdf)
<use ./../03_AUX/01_PICT////HTL_logo.pdf>
Package pdftex.def Info: ./../03_AUX/01_PICT////HTL_logo.pdf  used on input line 328.
(pdftex.def)             Requested size: 70.621pt x 30.42433pt.

Package fancyhdr Warning: \headheight is too small (18.125pt): 
(fancyhdr)                Make it at least 34.77437pt, for example:
(fancyhdr)                \setlength{\headheight}{34.77437pt}.
(fancyhdr)                You might also make \topmargin smaller to compensate:
(fancyhdr)                \addtolength{\topmargin}{-16.64937pt}.

[31 <./../03_AUX/01_PICT//db_user.png>]
<./../03_AUX/01_PICT//detection_flow.png, id=409, 5395.15625pt x 411.5375pt>
File: ./../03_AUX/01_PICT//detection_flow.png Graphic file (type png)
<use ./../03_AUX/01_PICT//detection_flow.png>
Package pdftex.def Info: ./../03_AUX/01_PICT//detection_flow.png  used on input line 342.
(pdftex.def)             Requested size: 455.24408pt x 34.71962pt.
)
File: ./../03_AUX/01_PICT////HTL_logo.pdf Graphic file (type pdf)
<use ./../03_AUX/01_PICT////HTL_logo.pdf>
Package pdftex.def Info: ./../03_AUX/01_PICT////HTL_logo.pdf  used on input line 39.
(pdftex.def)             Requested size: 70.621pt x 30.42433pt.


Package fancyhdr Warning: \headheight is too small (18.125pt): 
(fancyhdr)                Make it at least 34.77437pt, for example:
(fancyhdr)                \setlength{\headheight}{34.77437pt}.
(fancyhdr)                You might also make \topmargin smaller to compensate:
(fancyhdr)                \addtolength{\topmargin}{-16.64937pt}.

[32 <./../03_AUX/01_PICT//detection_flow.png>] (./../02a_DOC_DPL1/kap_05_implementierung.tex
<./../03_AUX/01_PICT//ip_camera_tool.png, id=425, 1023.825pt x 478.78876pt>
File: ./../03_AUX/01_PICT//ip_camera_tool.png Graphic file (type png)
<use ./../03_AUX/01_PICT//ip_camera_tool.png>
Package pdftex.def Info: ./../03_AUX/01_PICT//ip_camera_tool.png  used on input line 23.
(pdftex.def)             Requested size: 455.24408pt x 212.88864pt.
File: ./../03_AUX/01_PICT////HTL_logo.pdf Graphic file (type pdf)
<use ./../03_AUX/01_PICT////HTL_logo.pdf>
Package pdftex.def Info: ./../03_AUX/01_PICT////HTL_logo.pdf  used on input line 28.
(pdftex.def)             Requested size: 70.621pt x 30.42433pt.


Package fancyhdr Warning: \headheight is too small (18.125pt): 
(fancyhdr)                Make it at least 34.77437pt, for example:
(fancyhdr)                \setlength{\headheight}{34.77437pt}.
(fancyhdr)                You might also make \topmargin smaller to compensate:
(fancyhdr)                \addtolength{\topmargin}{-16.64937pt}.

[33 <./../03_AUX/01_PICT//ip_camera_tool.png>]
<./../03_AUX/01_PICT//erkennungsbereich_config.png, id=438, 919.18407pt x 563.10374pt>
File: ./../03_AUX/01_PICT//erkennungsbereich_config.png Graphic file (type png)
<use ./../03_AUX/01_PICT//erkennungsbereich_config.png>
Package pdftex.def Info: ./../03_AUX/01_PICT//erkennungsbereich_config.png  used on input line 39.
(pdftex.def)             Requested size: 455.24408pt x 278.88757pt.
File: ./../03_AUX/01_PICT////HTL_logo.pdf Graphic file (type pdf)
<use ./../03_AUX/01_PICT////HTL_logo.pdf>
Package pdftex.def Info: ./../03_AUX/01_PICT////HTL_logo.pdf  used on input line 45.
(pdftex.def)             Requested size: 70.621pt x 30.42433pt.


Package fancyhdr Warning: \headheight is too small (18.125pt): 
(fancyhdr)                Make it at least 34.77437pt, for example:
(fancyhdr)                \setlength{\headheight}{34.77437pt}.
(fancyhdr)                You might also make \topmargin smaller to compensate:
(fancyhdr)                \addtolength{\topmargin}{-16.64937pt}.

[34 <./../03_AUX/01_PICT//erkennungsbereich_config.png>]
<./../03_AUX/01_PICT//action_rule.png, id=449, 827.34094pt x 562.35094pt>
File: ./../03_AUX/01_PICT//action_rule.png Graphic file (type png)
<use ./../03_AUX/01_PICT//action_rule.png>
Package pdftex.def Info: ./../03_AUX/01_PICT//action_rule.png  used on input line 55.
(pdftex.def)             Requested size: 455.24408pt x 309.43983pt.
File: ./../03_AUX/01_PICT////HTL_logo.pdf Graphic file (type pdf)
<use ./../03_AUX/01_PICT////HTL_logo.pdf>
Package pdftex.def Info: ./../03_AUX/01_PICT////HTL_logo.pdf  used on input line 60.
(pdftex.def)             Requested size: 70.621pt x 30.42433pt.


Package fancyhdr Warning: \headheight is too small (18.125pt): 
(fancyhdr)                Make it at least 34.77437pt, for example:
(fancyhdr)                \setlength{\headheight}{34.77437pt}.
(fancyhdr)                You might also make \topmargin smaller to compensate:
(fancyhdr)                \addtolength{\topmargin}{-16.64937pt}.

[35 <./../03_AUX/01_PICT//action_rule.png>]

LaTeX Warning: Citation 'pydantic_settings' on page 36 undefined on input line 78.


LaTeX Warning: Citation 'synology_webhooks' on page 36 undefined on input line 85.

File: ./../03_AUX/01_PICT////HTL_logo.pdf Graphic file (type pdf)
<use ./../03_AUX/01_PICT////HTL_logo.pdf>
Package pdftex.def Info: ./../03_AUX/01_PICT////HTL_logo.pdf  used on input line 91.
(pdftex.def)             Requested size: 70.621pt x 30.42433pt.

Package fancyhdr Warning: \headheight is too small (18.125pt): 
(fancyhdr)                Make it at least 34.77437pt, for example:
(fancyhdr)                \setlength{\headheight}{34.77437pt}.
(fancyhdr)                You might also make \topmargin smaller to compensate:
(fancyhdr)                \addtolength{\topmargin}{-16.64937pt}.

[36] (/usr/share/texlive/texmf-dist/tex/latex/listings/lstlang1.sty
File: lstlang1.sty 2023/02/27 1.9 listings language file
)
Package hyperref Info: bookmark level for unknown lstlisting defaults to 0 on input line 98.
LaTeX Font Info:    Font shape `T1/zi4/m/n' will be
(Font)              scaled to size 10.95pt on input line 98.
LaTeX Font Info:    Font shape `T1/zi4/b/n' will be
(Font)              scaled to size 10.95pt on input line 100.
File: ./../03_AUX/01_PICT////HTL_logo.pdf Graphic file (type pdf)
<use ./../03_AUX/01_PICT////HTL_logo.pdf>
Package pdftex.def Info: ./../03_AUX/01_PICT////HTL_logo.pdf  used on input line 125.
(pdftex.def)             Requested size: 70.621pt x 30.42433pt.


Package fancyhdr Warning: \headheight is too small (18.125pt): 
(fancyhdr)                Make it at least 34.77437pt, for example:
(fancyhdr)                \setlength{\headheight}{34.77437pt}.
(fancyhdr)                You might also make \topmargin smaller to compensate:
(fancyhdr)                \addtolength{\topmargin}{-16.64937pt}.

[37]

LaTeX Warning: Reference `fig:data_collection_flow' on page 38 undefined on input line 128.


LaTeX Warning: Citation 'synology_api' on page 38 undefined on input line 134.


Overfull \hbox (29.77309pt too wide) in paragraph at lines 141--143
\T1/phv/m/n/12 Station-Netzwerk re-gis-trier-ten Ka-me-ras über den \T1/zi4/m/n/12 SYNO.SurveillanceStation.Camera\T1/phv/m/n/12 -Endpunkt
 []


Overfull \hbox (6.97862pt too wide) in paragraph at lines 145--148
\T1/phv/m/n/12 An-fra-ge, im JPEG-Format an-ge-for-dert. Die Bild-da-ten wer-den als Byte-Stream im Ar-beitsspei-
 []


Overfull \hbox (35.49677pt too wide) in paragraph at lines 149--150
[]\T1/phv/m/n/12 Jeder der drei Schrit-te ist durch spe-zi-fi-sche Ex-cep-ti-ons (\T1/zi4/m/n/12 AuthenticationError\T1/phv/m/n/12 , \T1/zi4/m/n/12 CameraDataError\T1/phv/m/n/12 ,
 []


LaTeX Warning: Citation 'tenacity' on page 38 undefined on input line 155.

File: ./../03_AUX/01_PICT////HTL_logo.pdf Graphic file (type pdf)
<use ./../03_AUX/01_PICT////HTL_logo.pdf>
Package pdftex.def Info: ./../03_AUX/01_PICT////HTL_logo.pdf  used on input line 156.
(pdftex.def)             Requested size: 70.621pt x 30.42433pt.

Package fancyhdr Warning: \headheight is too small (18.125pt): 
(fancyhdr)                Make it at least 34.77437pt, for example:
(fancyhdr)                \setlength{\headheight}{34.77437pt}.
(fancyhdr)                You might also make \topmargin smaller to compensate:
(fancyhdr)                \addtolength{\topmargin}{-16.64937pt}.

[38]

LaTeX Warning: Citation 'platerecognizer_api' on page 39 undefined on input line 188.


Overfull \hbox (52.90329pt too wide) in paragraph at lines 187--191
\T1/phv/m/n/12 Mo-dell die län-der-spe-zi-fi-schen Kenn-zei-chen-for-ma-te die-ser Re-gio-nen prio-ri-siert [[]].
 []

File: ./../03_AUX/01_PICT////HTL_logo.pdf Graphic file (type pdf)
<use ./../03_AUX/01_PICT////HTL_logo.pdf>
Package pdftex.def Info: ./../03_AUX/01_PICT////HTL_logo.pdf  used on input line 197.
(pdftex.def)             Requested size: 70.621pt x 30.42433pt.

Package fancyhdr Warning: \headheight is too small (18.125pt): 
(fancyhdr)                Make it at least 34.77437pt, for example:
(fancyhdr)                \setlength{\headheight}{34.77437pt}.
(fancyhdr)                You might also make \topmargin smaller to compensate:
(fancyhdr)                \addtolength{\topmargin}{-16.64937pt}.

[39]

LaTeX Warning: Citation 'oesterreich_kfz' on page 40 undefined on input line 205.


LaTeX Warning: Citation 'wiki_slovenia_plates' on page 40 undefined on input line 205.


Overfull \hbox (20.2248pt too wide) in paragraph at lines 211--214
\T1/phv/m/n/12 Kenn-zei-chen von Pla-te Re-co-gni-zer mit dem Län-der-co-de \T1/zi4/m/n/12 unknown \T1/phv/m/n/12 klas-si-fi-ziert, der Kennzeichen-
 []

File: ./../03_AUX/01_PICT////HTL_logo.pdf Graphic file (type pdf)
<use ./../03_AUX/01_PICT////HTL_logo.pdf>
Package pdftex.def Info: ./../03_AUX/01_PICT////HTL_logo.pdf  used on input line 220.
(pdftex.def)             Requested size: 70.621pt x 30.42433pt.

Package fancyhdr Warning: \headheight is too small (18.125pt): 
(fancyhdr)                Make it at least 34.77437pt, for example:
(fancyhdr)                \setlength{\headheight}{34.77437pt}.
(fancyhdr)                You might also make \topmargin smaller to compensate:
(fancyhdr)                \addtolength{\topmargin}{-16.64937pt}.

[40]
File: ./../03_AUX/01_PICT////HTL_logo.pdf Graphic file (type pdf)
<use ./../03_AUX/01_PICT////HTL_logo.pdf>
Package pdftex.def Info: ./../03_AUX/01_PICT////HTL_logo.pdf  used on input line 256.
(pdftex.def)             Requested size: 70.621pt x 30.42433pt.


Package fancyhdr Warning: \headheight is too small (18.125pt): 
(fancyhdr)                Make it at least 34.77437pt, for example:
(fancyhdr)                \setlength{\headheight}{34.77437pt}.
(fancyhdr)                You might also make \topmargin smaller to compensate:
(fancyhdr)                \addtolength{\topmargin}{-16.64937pt}.

[41]
LaTeX Font Info:    Font shape `T1/zi4/b/n' will be
(Font)              scaled to size 12.0pt on input line 262.

Overfull \hbox (18.33737pt too wide) in paragraph at lines 262--265
[] []\T1/phv/b/n/12 Benutzerpräferenzen (\T1/zi4/b/n/12 /api/user_preferences\T1/phv/b/n/12 )[][] \T1/phv/m/n/12 Die-se Rou-te stellt ei-ne voll-stän-di-ge CRUD-
 []


Overfull \hbox (1.70828pt too wide) in paragraph at lines 262--265
\T1/phv/m/n/12 wer-den. Je-der Be-nut-zer ver-fügt über zwei un-ab-hän-gi-ge Flags: \T1/zi4/m/n/12 receive_alerts \T1/phv/m/n/12 für Echtzeit-
 []


Overfull \hbox (8.77654pt too wide) in paragraph at lines 267--270
[] []\T1/phv/b/n/12 Benachrichtigungsversand (\T1/zi4/b/n/12 /api/notifications\T1/phv/b/n/12 )[][] \T1/phv/m/n/12 Der Be-nach-rich-ti-gungs-end-punkt \T1/zi4/m/n/12 POST
 []


Overfull \hbox (2.91606pt too wide) in paragraph at lines 267--270
\T1/phv/m/n/12 Wenn der Re-quest ei-ne ex-pli-zi-te Emp-fän-ger-lis-te ent-hält, wer-den aus-schlieÿ-lich die-se Adres-
 []


LaTeX Warning: Citation 'mailtrap_python_email' on page 42 undefined on input line 274.


LaTeX Warning: Citation 'mailjet_smtp_relay' on page 42 undefined on input line 275.


LaTeX Warning: Citation 'grafana' on page 42 undefined on input line 285.

File: ./../03_AUX/01_PICT////HTL_logo.pdf Graphic file (type pdf)
<use ./../03_AUX/01_PICT////HTL_logo.pdf>
Package pdftex.def Info: ./../03_AUX/01_PICT////HTL_logo.pdf  used on input line 287.
(pdftex.def)             Requested size: 70.621pt x 30.42433pt.

Package fancyhdr Warning: \headheight is too small (18.125pt): 
(fancyhdr)                Make it at least 34.77437pt, for example:
(fancyhdr)                \setlength{\headheight}{34.77437pt}.
(fancyhdr)                You might also make \topmargin smaller to compensate:
(fancyhdr)                \addtolength{\topmargin}{-16.64937pt}.

[42]

LaTeX Warning: Citation 'grafana_provisioning' on page 43 undefined on input line 291.


LaTeX Warning: Citation 'grafana_configure' on page 43 undefined on input line 297.


Overfull \hbox (12.33446pt too wide) in paragraph at lines 300--303
[] []\T1/phv/b/n/12 2. Datasource-Provisioning (\T1/zi4/b/n/12 datasource.yaml\T1/phv/b/n/12 ):[][] \T1/phv/m/n/12 De-fi-niert die Ver-bin-dung zur PostgreSQL-
 []

File: ./../03_AUX/01_PICT////HTL_logo.pdf Graphic file (type pdf)
<use ./../03_AUX/01_PICT////HTL_logo.pdf>
Package pdftex.def Info: ./../03_AUX/01_PICT////HTL_logo.pdf  used on input line 308.
(pdftex.def)             Requested size: 70.621pt x 30.42433pt.

Package fancyhdr Warning: \headheight is too small (18.125pt): 
(fancyhdr)                Make it at least 34.77437pt, for example:
(fancyhdr)                \setlength{\headheight}{34.77437pt}.
(fancyhdr)                You might also make \topmargin smaller to compensate:
(fancyhdr)                \addtolength{\topmargin}{-16.64937pt}.

[43]
<./../03_AUX/01_PICT//grafana_dashboard.png, id=603, 1061.46562pt x 1647.90656pt>
File: ./../03_AUX/01_PICT//grafana_dashboard.png Graphic file (type png)
<use ./../03_AUX/01_PICT//grafana_dashboard.png>
Package pdftex.def Info: ./../03_AUX/01_PICT//grafana_dashboard.png  used on input line 327.
(pdftex.def)             Requested size: 409.71689pt x 636.09299pt.
)
File: ./../03_AUX/01_PICT////HTL_logo.pdf Graphic file (type pdf)
<use ./../03_AUX/01_PICT////HTL_logo.pdf>
Package pdftex.def Info: ./../03_AUX/01_PICT////HTL_logo.pdf  used on input line 43.
(pdftex.def)             Requested size: 70.621pt x 30.42433pt.


Package fancyhdr Warning: \headheight is too small (18.125pt): 
(fancyhdr)                Make it at least 34.77437pt, for example:
(fancyhdr)                \setlength{\headheight}{34.77437pt}.
(fancyhdr)                You might also make \topmargin smaller to compensate:
(fancyhdr)                \addtolength{\topmargin}{-16.64937pt}.

[44]
File: ./../03_AUX/01_PICT////HTL_logo.pdf Graphic file (type pdf)
<use ./../03_AUX/01_PICT////HTL_logo.pdf>
Package pdftex.def Info: ./../03_AUX/01_PICT////HTL_logo.pdf  used on input line 43.
(pdftex.def)             Requested size: 70.621pt x 30.42433pt.


Package fancyhdr Warning: \headheight is too small (18.125pt): 
(fancyhdr)                Make it at least 34.77437pt, for example:
(fancyhdr)                \setlength{\headheight}{34.77437pt}.
(fancyhdr)                You might also make \topmargin smaller to compensate:
(fancyhdr)                \addtolength{\topmargin}{-16.64937pt}.

[45 <./../03_AUX/01_PICT//grafana_dashboard.png>] (./../02a_DOC_DPL1/kap_06_infrastruktur.tex
Overfull \hbox (15.86592pt too wide) in paragraph at lines 5--7
\T1/phv/m/n/12 Be-trieb re-le-van-ten Aspek-te wie Mo-ni-to-ring und Log-ging, Datenbank-Management und Backup-
 []


Overfull \hbox (4.15878pt too wide) in paragraph at lines 37--38
\T1/phv/m/n/12 Die Pro-duk-ti-ons-kon-fi-gu-ra-ti-on ver-wen-det hin-ge-gen vor-ge-fer-tig-te Docker-Images, wel-che über
 []

File: ./../03_AUX/01_PICT////HTL_logo.pdf Graphic file (type pdf)
<use ./../03_AUX/01_PICT////HTL_logo.pdf>
Package pdftex.def Info: ./../03_AUX/01_PICT////HTL_logo.pdf  used on input line 39.
(pdftex.def)             Requested size: 70.621pt x 30.42433pt.

Package fancyhdr Warning: \headheight is too small (18.125pt): 
(fancyhdr)                Make it at least 34.77437pt, for example:
(fancyhdr)                \setlength{\headheight}{34.77437pt}.
(fancyhdr)                You might also make \topmargin smaller to compensate:
(fancyhdr)                \addtolength{\topmargin}{-16.64937pt}.

[46]

LaTeX Warning: Citation 'redhat_cicd' on page 47 undefined on input line 73.

File: ./../03_AUX/01_PICT////HTL_logo.pdf Graphic file (type pdf)
<use ./../03_AUX/01_PICT////HTL_logo.pdf>
Package pdftex.def Info: ./../03_AUX/01_PICT////HTL_logo.pdf  used on input line 76.
(pdftex.def)             Requested size: 70.621pt x 30.42433pt.

Package fancyhdr Warning: \headheight is too small (18.125pt): 
(fancyhdr)                Make it at least 34.77437pt, for example:
(fancyhdr)                \setlength{\headheight}{34.77437pt}.
(fancyhdr)                You might also make \topmargin smaller to compensate:
(fancyhdr)                \addtolength{\topmargin}{-16.64937pt}.

[47]

LaTeX Warning: Citation 'github_actions' on page 48 undefined on input line 77.


LaTeX Warning: Citation 'ruff_formatter' on page 48 undefined on input line 88.


LaTeX Warning: Citation 'ruff_linter' on page 48 undefined on input line 89.

(/usr/share/texlive/texmf-dist/tex/latex/listings/lstlang1.sty
File: lstlang1.sty 2023/02/27 1.9 listings language file
) (/usr/share/texlive/texmf-dist/tex/latex/listings/lstlang1.sty
File: lstlang1.sty 2023/02/27 1.9 listings language file
)
File: ./../03_AUX/01_PICT////HTL_logo.pdf Graphic file (type pdf)
<use ./../03_AUX/01_PICT////HTL_logo.pdf>
Package pdftex.def Info: ./../03_AUX/01_PICT////HTL_logo.pdf  used on input line 99.
(pdftex.def)             Requested size: 70.621pt x 30.42433pt.


Package fancyhdr Warning: \headheight is too small (18.125pt): 
(fancyhdr)                Make it at least 34.77437pt, for example:
(fancyhdr)                \setlength{\headheight}{34.77437pt}.
(fancyhdr)                You might also make \topmargin smaller to compensate:
(fancyhdr)                \addtolength{\topmargin}{-16.64937pt}.

[48]

LaTeX Font Warning: Font shape `T1/zi4/m/it' undefined
(Font)              using `T1/zi4/m/n' instead on input line 100.

LaTeX Font Info:    Font shape `T1/zi4/m/it' will be
(Font)              scaled to size 10.95pt on input line 100.

LaTeX Warning: Citation 'portainer' on page 49 undefined on input line 130.

<./../03_AUX/01_PICT//container_stack_portainer.png, id=661, 1638.12pt x 609.77812pt>
File: ./../03_AUX/01_PICT//container_stack_portainer.png Graphic file (type png)
<use ./../03_AUX/01_PICT//container_stack_portainer.png>
Package pdftex.def Info: ./../03_AUX/01_PICT//container_stack_portainer.png  used on input line 138.
(pdftex.def)             Requested size: 455.24408pt x 169.46199pt.
File: ./../03_AUX/01_PICT////HTL_logo.pdf Graphic file (type pdf)
<use ./../03_AUX/01_PICT////HTL_logo.pdf>
Package pdftex.def Info: ./../03_AUX/01_PICT////HTL_logo.pdf  used on input line 151.
(pdftex.def)             Requested size: 70.621pt x 30.42433pt.

Package fancyhdr Warning: \headheight is too small (18.125pt): 
(fancyhdr)                Make it at least 34.77437pt, for example:
(fancyhdr)                \setlength{\headheight}{34.77437pt}.
(fancyhdr)                You might also make \topmargin smaller to compensate:
(fancyhdr)                \addtolength{\topmargin}{-16.64937pt}.

[49]
Overfull \hbox (1.61824pt too wide) in paragraph at lines 154--155
[]\T1/phv/m/n/12 PostgreSQL-Datenbank: Ver-wen-dung des na-ti-ven \T1/zi4/m/n/12 pg_isready\T1/phv/m/n/12 -Kommandos zur Über-
 []

File: ./../03_AUX/01_PICT////HTL_logo.pdf Graphic file (type pdf)
<use ./../03_AUX/01_PICT////HTL_logo.pdf>
Package pdftex.def Info: ./../03_AUX/01_PICT////HTL_logo.pdf  used on input line 169.
(pdftex.def)             Requested size: 70.621pt x 30.42433pt.

Package fancyhdr Warning: \headheight is too small (18.125pt): 
(fancyhdr)                Make it at least 34.77437pt, for example:
(fancyhdr)                \setlength{\headheight}{34.77437pt}.
(fancyhdr)                You might also make \topmargin smaller to compensate:
(fancyhdr)                \addtolength{\topmargin}{-16.64937pt}.

[50 <./../03_AUX/01_PICT//container_stack_portainer.png>]

LaTeX Warning: Citation 'alembic_monorepo' on page 51 undefined on input line 199.


Overfull \hbox (71.92325pt too wide) in paragraph at lines 199--201
\T1/phv/m/n/12 ei-ge-nen Build-Kontext und kann so-mit das Sche-ma al-ler Ser-vices zen-tral ver-wal-ten. [[]]
 []

File: ./../03_AUX/01_PICT////HTL_logo.pdf Graphic file (type pdf)
<use ./../03_AUX/01_PICT////HTL_logo.pdf>
Package pdftex.def Info: ./../03_AUX/01_PICT////HTL_logo.pdf  used on input line 202.
(pdftex.def)             Requested size: 70.621pt x 30.42433pt.

Package fancyhdr Warning: \headheight is too small (18.125pt): 
(fancyhdr)                Make it at least 34.77437pt, for example:
(fancyhdr)                \setlength{\headheight}{34.77437pt}.
(fancyhdr)                You might also make \topmargin smaller to compensate:
(fancyhdr)                \addtolength{\topmargin}{-16.64937pt}.

[51]
Overfull \hbox (13.8708pt too wide) in paragraph at lines 208--209
[]\T1/phv/m/n/12 Die Alembic-Konfiguration im-por-tiert die Base-Klassen der Backend-Services im Environment-
 []


LaTeX Warning: Citation 'cron_guru' on page 52 undefined on input line 237.

File: ./../03_AUX/01_PICT////HTL_logo.pdf Graphic file (type pdf)
<use ./../03_AUX/01_PICT////HTL_logo.pdf>
Package pdftex.def Info: ./../03_AUX/01_PICT////HTL_logo.pdf  used on input line 239.
(pdftex.def)             Requested size: 70.621pt x 30.42433pt.

Package fancyhdr Warning: \headheight is too small (18.125pt): 
(fancyhdr)                Make it at least 34.77437pt, for example:
(fancyhdr)                \setlength{\headheight}{34.77437pt}.
(fancyhdr)                You might also make \topmargin smaller to compensate:
(fancyhdr)                \addtolength{\topmargin}{-16.64937pt}.

[52]
<./../03_AUX/01_PICT//backup_flow.png, id=735, 6229.2725pt x 1077.02374pt>
File: ./../03_AUX/01_PICT//backup_flow.png Graphic file (type png)
<use ./../03_AUX/01_PICT//backup_flow.png>
Package pdftex.def Info: ./../03_AUX/01_PICT//backup_flow.png  used on input line 242.
(pdftex.def)             Requested size: 409.71689pt x 70.8307pt.


LaTeX Warning: Citation 'postgres_pgdump' on page 53 undefined on input line 248.


Overfull \hbox (2.60785pt too wide) in paragraph at lines 247--250
\T1/phv/m/n/12 zu-nächst auf die Er-reich-bar-keit der Da-ten-bank, er-stellt dann einen voll-stän-di-gen Datenbank-
 []


Overfull \hbox (6.23315pt too wide) in paragraph at lines 262--263
[]\T1/phv/m/n/12 Für die Wie-der-her-stel-lung exis-tiert eben-falls ein Script, wel-ches einen voll-stän-di-gen Disaster-
 []

<./../03_AUX/01_PICT//restore_flow.png, id=737, 7535.15125pt x 516.93124pt>
File: ./../03_AUX/01_PICT//restore_flow.png Graphic file (type png)
<use ./../03_AUX/01_PICT//restore_flow.png>
Package pdftex.def Info: ./../03_AUX/01_PICT//restore_flow.png  used on input line 266.
(pdftex.def)             Requested size: 409.71689pt x 28.10396pt.

LaTeX Warning: Citation 'postgres_pgrestore' on page 53 undefined on input line 272.

File: ./../03_AUX/01_PICT////HTL_logo.pdf Graphic file (type pdf)
<use ./../03_AUX/01_PICT////HTL_logo.pdf>
Package pdftex.def Info: ./../03_AUX/01_PICT////HTL_logo.pdf  used on input line 275.
(pdftex.def)             Requested size: 70.621pt x 30.42433pt.

Package fancyhdr Warning: \headheight is too small (18.125pt): 
(fancyhdr)                Make it at least 34.77437pt, for example:
(fancyhdr)                \setlength{\headheight}{34.77437pt}.
(fancyhdr)                You might also make \topmargin smaller to compensate:
(fancyhdr)                \addtolength{\topmargin}{-16.64937pt}.

[53 <./../03_AUX/01_PICT//backup_flow.png>]

LaTeX Warning: Citation 'mkdocs' on page 54 undefined on input line 280.


LaTeX Warning: Citation 'mkdocs_material' on page 54 undefined on input line 280.


Overfull \hbox (37.01646pt too wide) in paragraph at lines 279--282
\T1/phv/m/n/12 Web-si-te ver-öf-fent-licht. Hier-für wird MkDocs [[]] mit dem Material-Theme [[]]
 []


Overfull \hbox (2.1754pt too wide) in paragraph at lines 289--290
[]\T1/phv/m/n/12 Reference: Script-Referenzen, Docker-Compose-Dokumentation, API-Dokumentation
 []


Overfull \hbox (2.98824pt too wide) in paragraph at lines 292--295
\T1/phv/m/n/12 Actions-Workflow. Im Fal-le ei-nes Pu-shes wird die Do-ku-men-ta-ti-on neu ge-baut und auf GitHub
 []

<./../03_AUX/01_PICT//mkdocs.png, id=746, 1901.60437pt x 1066.7353pt>
File: ./../03_AUX/01_PICT//mkdocs.png Graphic file (type png)
<use ./../03_AUX/01_PICT//mkdocs.png>
Package pdftex.def Info: ./../03_AUX/01_PICT//mkdocs.png  used on input line 301.
(pdftex.def)             Requested size: 455.24408pt x 255.37062pt.
)
File: ./../03_AUX/01_PICT////HTL_logo.pdf Graphic file (type pdf)
<use ./../03_AUX/01_PICT////HTL_logo.pdf>
Package pdftex.def Info: ./../03_AUX/01_PICT////HTL_logo.pdf  used on input line 47.
(pdftex.def)             Requested size: 70.621pt x 30.42433pt.


Package fancyhdr Warning: \headheight is too small (18.125pt): 
(fancyhdr)                Make it at least 34.77437pt, for example:
(fancyhdr)                \setlength{\headheight}{34.77437pt}.
(fancyhdr)                You might also make \topmargin smaller to compensate:
(fancyhdr)                \addtolength{\topmargin}{-16.64937pt}.

[54 <./../03_AUX/01_PICT//restore_flow.png>] (./../02a_DOC_DPL1/kap_07_qualitaetssicherung.tex

LaTeX Warning: Citation 'pytest' on page 55 undefined on input line 11.


LaTeX Warning: Citation 'pytest_cov' on page 55 undefined on input line 11.


Overfull \hbox (18.5699pt too wide) in paragraph at lines 17--19
\T1/phv/m/n/12 API, Pla-te Re-co-gni-zer und der SMTP-Server wer-den durch die Mocking-Library \T1/zi4/m/n/12 unittest.mock
 []

File: ./../03_AUX/01_PICT////HTL_logo.pdf Graphic file (type pdf)
<use ./../03_AUX/01_PICT////HTL_logo.pdf>
Package pdftex.def Info: ./../03_AUX/01_PICT////HTL_logo.pdf  used on input line 26.
(pdftex.def)             Requested size: 70.621pt x 30.42433pt.

Package fancyhdr Warning: \headheight is too small (18.125pt): 
(fancyhdr)                Make it at least 34.77437pt, for example:
(fancyhdr)                \setlength{\headheight}{34.77437pt}.
(fancyhdr)                You might also make \topmargin smaller to compensate:
(fancyhdr)                \addtolength{\topmargin}{-16.64937pt}.

[55 <./../03_AUX/01_PICT//mkdocs.png>]
Overfull \hbox (7.62357pt too wide) in paragraph at lines 33--35
[]\T1/phv/b/n/12 DatabaseHandler: \T1/phv/m/n/12 Tests für Da-ten-ex-trak-ti-on aus API-Antworten, Hash-Normalisierung
 []


Overfull \hbox (0.57634pt too wide) in paragraph at lines 33--35
\T1/phv/m/n/12 (Groÿ-/Kleinschreibung, Leer-zei-chen) und die zeit-fens-ter-ba-sier-te Du-pli-kats-er-ken-nung
 []


Overfull \hbox (17.8725pt too wide) in paragraph at lines 43--45
[]\T1/phv/b/n/12 DatabaseHandler: \T1/phv/m/n/12 CRUD-Operationen für Be-nut-zer-prä-fe-ren-zen, ein-schlieÿ-lich Duplikat-
 []


LaTeX Warning: Citation 'postgresql_enum' on page 56 undefined on input line 61.


LaTeX Warning: Citation 'postgresql_datetime' on page 56 undefined on input line 61.


LaTeX Warning: Citation 'sqlite_datatypes' on page 56 undefined on input line 62.


Overfull \hbox (37.42285pt too wide) in paragraph at lines 60--64
[]\T1/phv/m/n/12 Diese Ent-schei-dung wur-de ge-trof-fen, da SQ-Li-te we-sent-li-che be-nutz-te PostgreSQL-Funktionalitäten
 []


Overfull \hbox (8.96153pt too wide) in paragraph at lines 60--64
\T1/phv/m/n/12 nicht iden-tisch ab-bil-den kann. Bei-spie-le hier-für sind die Ver-wen-dung des na-ti-ven PostgreSQL-
 []


Overfull \hbox (9.52007pt too wide) in paragraph at lines 60--64
\T1/phv/m/n/12 pen kei-ne na-ti-ve Un-ter-stüt-zung [[]]. Durch die Nut-zung der-sel-ben Datenbank-
 []

File: ./../03_AUX/01_PICT////HTL_logo.pdf Graphic file (type pdf)
<use ./../03_AUX/01_PICT////HTL_logo.pdf>
Package pdftex.def Info: ./../03_AUX/01_PICT////HTL_logo.pdf  used on input line 64.
(pdftex.def)             Requested size: 70.621pt x 30.42433pt.

Package fancyhdr Warning: \headheight is too small (18.125pt): 
(fancyhdr)                Make it at least 34.77437pt, for example:
(fancyhdr)                \setlength{\headheight}{34.77437pt}.
(fancyhdr)                You might also make \topmargin smaller to compensate:
(fancyhdr)                \addtolength{\topmargin}{-16.64937pt}.

[56]
Overfull \hbox (59.93723pt too wide) in paragraph at lines 65--66
[]\T1/phv/m/n/12 Beide Ser-vices ver-wen-den ein iden-ti-sches Mus-ter zur Da-te-ni-so-la-ti-on in ih-rer Pytest-Konfigurationsdatei: 
 []

File: ./../03_AUX/01_PICT////HTL_logo.pdf Graphic file (type pdf)
<use ./../03_AUX/01_PICT////HTL_logo.pdf>
Package pdftex.def Info: ./../03_AUX/01_PICT////HTL_logo.pdf  used on input line 101.
(pdftex.def)             Requested size: 70.621pt x 30.42433pt.

Package fancyhdr Warning: \headheight is too small (18.125pt): 
(fancyhdr)                Make it at least 34.77437pt, for example:
(fancyhdr)                \setlength{\headheight}{34.77437pt}.
(fancyhdr)                You might also make \topmargin smaller to compensate:
(fancyhdr)                \addtolength{\topmargin}{-16.64937pt}.

[57])
File: ./../03_AUX/01_PICT////HTL_logo.pdf Graphic file (type pdf)
<use ./../03_AUX/01_PICT////HTL_logo.pdf>
Package pdftex.def Info: ./../03_AUX/01_PICT////HTL_logo.pdf  used on input line 51.
(pdftex.def)             Requested size: 70.621pt x 30.42433pt.


Package fancyhdr Warning: \headheight is too small (18.125pt): 
(fancyhdr)                Make it at least 34.77437pt, for example:
(fancyhdr)                \setlength{\headheight}{34.77437pt}.
(fancyhdr)                You might also make \topmargin smaller to compensate:
(fancyhdr)                \addtolength{\topmargin}{-16.64937pt}.

[58] (./../02a_DOC_DPL1/kap_08_fazit_ausblick.tex
File: ./../03_AUX/01_PICT////HTL_logo.pdf Graphic file (type pdf)
<use ./../03_AUX/01_PICT////HTL_logo.pdf>
Package pdftex.def Info: ./../03_AUX/01_PICT////HTL_logo.pdf  used on input line 32.
(pdftex.def)             Requested size: 70.621pt x 30.42433pt.


Package fancyhdr Warning: \headheight is too small (18.125pt): 
(fancyhdr)                Make it at least 34.77437pt, for example:
(fancyhdr)                \setlength{\headheight}{34.77437pt}.
(fancyhdr)                You might also make \topmargin smaller to compensate:
(fancyhdr)                \addtolength{\topmargin}{-16.64937pt}.

[59])

Package caption Warning: Unused \captionsetup[wrapfigure] on input line 22.
See the caption package documentation for explanation.


Package glossaries Warning: No \printnoidxglossary or \printnoidxglossaries
 found. (Remove \makenoidxglossaries if you don't want any glossaries.)
This document will not have a glossary.

File: ./../03_AUX/01_PICT////HTL_logo.pdf Graphic file (type pdf)
<use ./../03_AUX/01_PICT////HTL_logo.pdf>
Package pdftex.def Info: ./../03_AUX/01_PICT////HTL_logo.pdf  used on input line 61.
(pdftex.def)             Requested size: 70.621pt x 30.42433pt.

Package fancyhdr Warning: \headheight is too small (18.125pt): 
(fancyhdr)                Make it at least 34.77437pt, for example:
(fancyhdr)                \setlength{\headheight}{34.77437pt}.
(fancyhdr)                You might also make \topmargin smaller to compensate:
(fancyhdr)                \addtolength{\topmargin}{-16.64937pt}.

[60] 
enddocument/afterlastpage: lastpage setting LastPage.
(%OUTDIR%/DA_Diplomand_1.aux)

LaTeX Font Warning: Some font shapes were not available, defaults substituted.


LaTeX Warning: There were undefined references.

Package rerunfilecheck Info: File `DA_Diplomand_1.out' has not changed.
(rerunfilecheck)             Checksum: D41D8CD98F00B204E9800998ECF8427E;0.

Package biblatex Warning: Please (re)run Biber on the file:
(biblatex)                DA_Diplomand_1
(biblatex)                and rerun LaTeX afterwards.

Package logreq Info: Writing requests to 'DA_Diplomand_1.run.xml'.
\openout1 = `DA_Diplomand_1.run.xml'.

 ) 
Here is how much of TeX's memory you used:
 52355 strings out of 477136
 1049804 string characters out of 5813392
 2250391 words of memory out of 6000000
 71300 multiletter control sequences out of 15000+600000
 553796 words of font info for 93 fonts, out of 8000000 for 9000
 432 hyphenation exceptions out of 8191
 115i,20n,109p,10779b,2459s stack positions out of 10000i,1000n,20000p,200000b,200000s
</usr/share/texlive/texmf-dist/fonts/type1/public/inconsolata/Inconsolata-zi4b.pfb></usr/share/texlive/texmf-dist/fonts/type1/public/inconsolata/Inconsolata-zi4r.pfb></usr/share/texlive/texmf-dist/fonts/type1/public/amsfonts/cm/cmmi12.pfb></usr/share/texlive/texmf-dist/fonts/type1/public/amsfonts/cm/cmmi8.pfb></usr/share/texlive/texmf-dist/fonts/type1/public/amsfonts/cm/cmr12.pfb></usr/share/texlive/texmf-dist/fonts/type1/public/amsfonts/cm/cmr8.pfb></usr/share/texlive/texmf-dist/fonts/type1/public/amsfonts/cm/cmsy10.pfb></usr/share/texlive/texmf-dist/fonts/type1/urw/helvetic/uhvb8a.pfb></usr/share/texlive/texmf-dist/fonts/type1/urw/helvetic/uhvr8a.pfb>
Output written on %OUTDIR%/DA_Diplomand_1.pdf (60 pages, 13879058 bytes).
PDF statistics:
 1216 PDF objects out of 1440 (max. 8388607)
 1043 compressed objects within 11 object streams
 406 named destinations out of 1000 (max. 500000)
 994 words of extra memory for PDF output out of 10000 (max. 10000000)

